PuzzleId,FEN,Moves,Rating,RatingDeviation,Popularity,NbPlays,Themes,GameUrl,OpeningTags,RatingBin
04HLq,8/5kpp/4p3/2P1P3/qP6/5rP1/1Q1R3P/2K5 b - - 2 29,d8d2 f3f1 d2d1 a4d1,901,76,100,85,endgame mate mateIn2 short,https://lichess.org/GUMIzc8Y#57,,"(900, 1000]"
0K1Ly,2r2rk1/pb1n1pp1/1p2p3/2p1P1q1/2PP4/8/PPQR2P1/2K2B1R w - - 0 18,c7c5 c2h7,901,83,100,53,mate mateIn1 middlegame oneMove,https://lichess.org/WJzTZogq/black#34,Queens_Pawn_Game Queens_Pawn_Game_Other_variations,"(900, 1000]"
1aAvJ,r3q2k/5R2/p5R1/1p1Q4/3P4/6Pr/P4P2/6K1 b - - 0 37,c7f7 e8e1 g1g2 e1h1,901,78,100,366,endgame mate mateIn2 short,https://lichess.org/anXnDRn6#73,,"(900, 1000]"
27Z83,8/7p/1R6/6pk/8/r6P/5KP1/8 w - - 2 40,h6h5 g2g4 h5h4 b6h6,901,77,100,352,endgame mate mateIn2 rookEndgame short,https://lichess.org/TdYKGXGF/black#78,,"(900, 1000]"
2JiCg,r1bqkb1r/ppp3pp/2np1n2/3Qp3/2B5/2P2N1P/PP3PP1/RNB1K2R w KQkq - 2 9,e4f6 d5f7,901,78,100,74,mate mateIn1 oneMove opening,https://lichess.org/jZ8IAK3v/black#16,Italian_Game Italian_Game_Paris_Defense,"(900, 1000]"
2TlZ6,6k1/p2p1p1p/1p2p1pP/4P3/3PQPq1/P1r5/1P1K2P1/8 w - - 0 27,c8c3 e4a8 c3c8 a8c8,901,76,100,224,endgame mate mateIn2 short,https://lichess.org/Tq5bwcFd/black#52,,"(900, 1000]"
2bqGS,rn2k2r/1p3p2/p2p1qp1/3pp2p/1P2n3/P3P1NQ/1BPP1PPP/R3KB1R b KQkq - 1 13,f5g3 f6f2 e1d1 f2d2,901,77,100,97,attackingF2F7 mate mateIn2 opening short,https://lichess.org/i92i6Nog#25,Vant_Kruijs_Opening Vant_Kruijs_Opening_Other_variations,"(900, 1000]"
2ru6N,2r4k/2q2pp1/p3p3/1pN4p/6n1/2P2Q2/PP4PP/3R1R1K b - - 0 25,d3c5 c7h2,901,76,100,551,kingsideAttack mate mateIn1 middlegame oneMove,https://lichess.org/gi59rr90#49,,"(900, 1000]"
3JJsj,r2br1k1/5ppp/pp1B4/2pn4/2P5/8/PPP3PP/R3R1K1 w - - 0 19,f6d5 e1e8,901,140,100,27,backRankMate hangingPiece mate mateIn1 middlegame oneMove,https://lichess.org/qOx6edzn/black#36,Kings_Gambit_Accepted Kings_Gambit_Accepted_Kings_Knights_Gambit,"(900, 1000]"
3M2AI,3r1bk1/1r3p1p/8/p3p2Q/3pB3/q2P2PP/5P2/5RK1 w - - 0 26,b8b7 h5h7,901,76,100,229,mate mateIn1 middlegame oneMove,https://lichess.org/UvPrd3iG/black#50,,"(900, 1000]"
3MrfM,2B5/2RQ2bk/3p2pp/4p3/8/5r1P/4nPPK/1q6 w - - 0 33,f6f3 d7g7,901,82,100,169,mate mateIn1 middlegame oneMove,https://lichess.org/Da0F55kF/black#64,,"(900, 1000]"
3NtYv,r2q2kr/pp3p2/2pp1p1Q/2b1pN2/4P3/1bPPN3/1P3PPP/2K3RR w - - 1 18,h7g8 h6g7,901,87,100,47,mate mateIn1 middlegame oneMove,https://lichess.org/e90ocZcw/black#34,Four_Knights_Game Four_Knights_Game_Other_variations,"(900, 1000]"
3ef9I,2kr3r/2pqnp1p/p2b1p1B/1p1Q4/6b1/1B3N2/PPP2PPP/R3R1K1 w - - 6 17,e8c8 d5a8,901,75,100,131,mate mateIn1 middlegame oneMove,https://lichess.org/aTTCYMsv/black#32,Scandinavian_Defense Scandinavian_Defense_Valencian_Variation,"(900, 1000]"
3rrZs,3r1rk1/2Q2pp1/p6p/8/8/1P3B1n/P5PP/2R3RK b - - 0 27,e1g1 h3f2,901,76,100,106,mate mateIn1 middlegame oneMove smotheredMate,https://lichess.org/N4UJWi2L#53,,"(900, 1000]"
3xsub,5rk1/p1p2qp1/2pbp2p/3p3n/4p2Q/1PN1P2P/PBPPN1P1/5RK1 b - - 1 19,a1f1 f7f1,901,76,100,205,kingsideAttack mate mateIn1 middlegame oneMove,https://lichess.org/3G3OOOSH#37,,"(900, 1000]"
49d2G,1k1r4/ppp2pp1/2p5/2P1P3/5B2/N1P2bPK/PP3P2/4R3 b - - 2 26,a1e1 d8h8 f4h6 h8h6,901,76,100,144,endgame mate mateIn2 short,https://lichess.org/f0fW4ndh#51,,"(900, 1000]"
4i5az,rnb2q1r/ppp1b1kp/5n2/3BQ3/3pP3/8/PPP2PPP/RNB1K2R w KQ - 5 10,g8f6 e5g5,901,79,100,103,mate mateIn1 oneMove opening,https://lichess.org/dALr8E5i/black#18,Zukertort_Opening Zukertort_Opening_Herrstrom_Gambit,"(900, 1000]"
4t8u6,r2q1rk1/1p1n2p1/pbp1p1P1/6p1/4P2Q/2N4P/PPP3B1/R4R1K w - - 0 20,f6g5 h4h7,901,77,100,1040,master mate mateIn1 middlegame oneMove,https://lichess.org/f41vUUk0/black#38,Bird_Opening Bird_Opening_Dutch_Variation,"(900, 1000]"
4tTU3,5r1k/6p1/7p/3q4/7P/P1P3P1/1PQ1RP2/5K2 b - - 2 42,g2f1 d5h1,901,76,100,745,endgame mate mateIn1 oneMove,https://lichess.org/hSU3e3gn#83,,"(900, 1000]"
58jqF,r5k1/ppp2p2/5Qp1/3p2q1/3pb3/P6P/1PP3P1/R4R1K b - - 0 28,f2f6 g5g2,901,75,100,142,endgame kingsideAttack mate mateIn1 oneMove,https://lichess.org/Ggvnsb7K#55,,"(900, 1000]"
5Bg50,r1b2rk1/pp1pbppp/1qn5/4P3/5Bn1/2N2N1P/PP3PP1/R2QKB1R b KQ - 0 11,h2h3 b6f2,901,75,100,337,attackingF2F7 mate mateIn1 oneMove opening,https://lichess.org/988gg4n0#21,Sicilian_Defense Sicilian_Defense_Smith-Morra_Gambit_Declined,"(900, 1000]"
5CxdY,r4rk1/pppR2np/5pbQ/8/5PP1/5RKP/4q3/8 w - - 5 34,e6g7 h6g7,901,76,100,84,mate mateIn1 middlegame oneMove,https://lichess.org/jj0mKXJr/black#66,,"(900, 1000]"
8NfsG,4n1k1/pp1q2p1/5pQp/8/2pP3N/2P1r2P/PP3R1K/6R1 b - - 0 32,f3h4 d7h3,901,76,100,157,mate mateIn1 middlegame oneMove,https://lichess.org/k4FWmdgg#63,,"(900, 1000]"
8RT6K,2r2rk1/1p1b1pn1/n2qp1N1/p2p2PQ/3P1P2/P1N1PR2/1P5P/R5K1 w - - 1 21,e8g7 h5h8,901,141,100,9,mate mateIn1 middlegame oneMove,https://lichess.org/1s8aPUkp/black#40,,"(900, 1000]"
8Se5w,2r5/7k/1q2p1pp/2p1B3/p2p3Q/PP3r2/2P1nPPK/2R5 w - - 0 33,f8f3 h4e7 f3f7 e7f7,901,75,100,981,mate mateIn2 middlegame short,https://lichess.org/XboJlk57/black#64,,"(900, 1000]"
9WsQp,8/5pk1/4p1p1/2p4p/4Q3/4P2P/3qBPP1/5K2 b - - 6 39,b7e4 d2c1 e2d1 c1d1,901,75,100,444,endgame mate mateIn2 short,https://lichess.org/ag3romL4#77,,"(900, 1000]"
ABLzf,8/5Qbk/b5pp/3Bp3/4P2P/2P2N2/1r3qPK/8 w - - 1 33,g8h7 f7g8,901,77,100,524,mate mateIn1 middlegame oneMove,https://lichess.org/BvzZdppW/black#64,,"(900, 1000]"
AVH1F,8/p4k1p/3br1p1/3Q1p2/3B3q/2P5/PP3PP1/4R1K1 b - - 4 31,a1e1 h4h2 g1f1 h2h1,901,77,100,498,endgame mate mateIn2 short,https://lichess.org/PH9jLjPD#61,,"(900, 1000]"
AvLaK,3r4/1k1P2p1/1qNRB2p/4PP2/2p3P1/2Q5/1PPK2P1/r7 b - - 2 43,c1d2 b6f2,901,76,100,95,mate mateIn1 middlegame oneMove,https://lichess.org/LKhPEepJ#85,,"(900, 1000]"
B2945,r4qQ1/pp2k2p/6p1/8/3p2B1/8/PP4PP/6K1 w - - 0 31,e8e7 g8e6 e7d8 e6d7,901,76,100,172,endgame mate mateIn2 short,https://lichess.org/H4ANE0dr/black#60,,"(900, 1000]"
BKZqc,5R1R/6r1/4p1k1/3bPp2/3P1P1p/7r/3K2p1/8 w - - 0 46,g3g2 f8f6,901,75,100,443,endgame mate mateIn1 oneMove,https://lichess.org/BweKERUo/black#90,,"(900, 1000]"
Bbj3A,3r4/4R2p/5Pk1/4b3/8/4Q3/P1P2PP1/6K1 b - - 0 35,g5f6 d8d1 e3e1 d1e1,901,77,100,129,endgame mate mateIn2 short,https://lichess.org/nKcItDzR#69,,"(900, 1000]"
C5TDM,5k2/pR6/1p5R/1P6/3r1p2/4p2K/3r4/8 w - - 6 48,a4d4 h6h8,901,80,100,56,endgame mate mateIn1 oneMove rookEndgame,https://lichess.org/0f43FY1G/black#94,,"(900, 1000]"
CmN44,2rk4/4b1N1/p2n4/1p1Q2p1/3B1P2/8/PPPq4/1K1N2R1 b - - 0 30,f5d5 d2c2 b1a1 c2c1,901,75,100,1212,master mate mateIn2 middlegame queensideAttack short,https://lichess.org/amAFDUTN#59,,"(900, 1000]"
DYGrg,r4n1k/p1pqbQpp/1p1pNr2/3Pp3/1P2R3/P1P4P/3B1PP1/R5K1 w - - 6 25,h6f6 f7g7,901,95,100,33,kingsideAttack mate mateIn1 middlegame oneMove,https://lichess.org/lIwRZd8J/black#48,,"(900, 1000]"
EgZNx,8/5Qpk/4p3/3n3p/8/P3BN2/4qPPP/6K1 b - - 4 26,e1f3 e2d1 f3e1 d1e1,901,76,100,281,endgame mate mateIn2 short,https://lichess.org/jFHAxTCb#51,,"(900, 1000]"
FJQAS,7k/5pbp/1q6/pp1r4/4Q3/1P2P1P1/P4P1P/6K1 w - - 0 33,d8d5 e4e8 g7f8 e8f8,901,82,100,40,endgame mate mateIn2 short,https://lichess.org/UzwS25no/black#64,,"(900, 1000]"
HO3nt,1r6/2R2p1p/p2pkp2/1r2p3/4PP2/2K3P1/1P5P/7R w - - 3 25,a5b5 f4f5,901,75,100,481,endgame mate mateIn1 oneMove rookEndgame,https://lichess.org/NNNNrCQ0/black#48,,"(900, 1000]"
HPbzi,8/5ppk/1p4p1/p7/8/1rr2nR1/5PKP/3R4 w - - 4 51,c4c3 g3h3 f3h4 h3h4 h7g8 d1d8,901,76,100,273,endgame long mate mateIn3,https://lichess.org/mpXShXnA/black#100,,"(900, 1000]"
03DWn,rn2k2r/pNb3p1/2pqpp1p/8/3P4/2P4P/PP2BRP1/R2Q2K1 b kq - 0 17,c5b7 d6h2 g1f1 h2h1,902,101,100,26,kingsideAttack mate mateIn2 middlegame short,https://lichess.org/xR7F5LTf#33,Zukertort_Opening Zukertort_Opening_Wade_Defense,"(900, 1000]"
0BaO8,4r3/1p3p1k/p1b1q1pp/P2pNN2/1b1PnQP1/3p3P/1P3P1B/6RK w - - 10 38,g7h7 f4h6 h7g8 h6g7,902,76,100,345,mate mateIn2 middlegame short,https://lichess.org/1uw8cFXx/black#74,,"(900, 1000]"
0Np2h,r1b3k1/p1q2p2/1pn3r1/7Q/8/1NPp4/P1P2PPP/R3R1K1 w - - 0 22,e4d3 e1e8 g8g7 h5h8,902,75,100,761,kingsideAttack mate mateIn2 middlegame short,https://lichess.org/L0fTxUJ0/black#42,,"(900, 1000]"
0Z4j1,rn2k2r/pp1b1ppp/1q6/1B1PP3/Q1p3n1/2N2N2/PPP3PP/R1B2K1R b kq - 1 13,g1f1 b6f2,902,79,100,171,mate mateIn1 oneMove opening,https://lichess.org/If7LUG3e#25,Kings_Pawn_Game Kings_Pawn_Game_Busch-Gass_Gambit,"(900, 1000]"
0mVBM,5rk1/1p2Bp2/p5r1/2p5/P1Qb4/1P1P4/6P1/5R1K b - - 8 29,h4e7 g6h6 e7h4 h6h4,902,76,100,136,endgame mate mateIn2 short,https://lichess.org/kBSmzcny#57,,"(900, 1000]"
1BcEh,r4rk1/ppp2ppp/1b2b1q1/3P4/2Qn1B1P/2N2P2/PPP3P1/2KR1B1R b - - 1 16,e2c4 g6c2,902,76,100,891,mate mateIn1 middlegame oneMove queensideAttack,https://lichess.org/cfDeu5C9#31,Scotch_Game Scotch_Game_Potter_Variation,"(900, 1000]"
1EzCd,4rn1r/1pB1k3/pNb1pp1p/2p4P/3p4/1P1P4/P1PKPP2/6RR w - - 0 24,d7c6 g1g7,902,75,100,172,mate mateIn1 middlegame oneMove,https://lichess.org/qdOLTk2x/black#46,,"(900, 1000]"
1IDcC,r3r3/pp3pk1/2p3p1/3pP1P1/1qn4P/1PN3Q1/P1P5/2KRR3 b - - 0 21,b2b3 b4a3 c1b1 a3b2,902,76,100,441,mate mateIn2 middlegame queensideAttack short,https://lichess.org/Ox1iPd18#41,,"(900, 1000]"
1QyqV,8/4R1pp/1q1k1b2/5Q2/P2p4/8/2P2PPP/6K1 b - - 0 42,e1e7 b6b1 e7e1 b1e1,902,78,100,148,endgame mate mateIn2 short,https://lichess.org/5ip8YSs1#83,,"(900, 1000]"
1dmi4,r3k1Br/1bpp2pp/1bn5/1p1Qp1q1/pP2P3/2PP4/P2N1PPP/R3K2R w KQkq - 0 14,e7g5 d5f7 e8d8 f7f8,902,75,100,324,mate mateIn2 middlegame short,https://lichess.org/IbJaueb9/black#26,Italian_Game Italian_Game_Classical_Variation,"(900, 1000]"
1i7t2,8/3N1pk1/4p1p1/KP1nP2p/1PQ2P1P/6P1/8/4q3 b - - 8 59,a4a5 e1a1 c4a2 a1a2,902,78,100,146,anastasiaMate endgame mate mateIn2 short,https://lichess.org/EqaQudiu#117,,"(900, 1000]"
25wFW,r1bq3k/2p3p1/p1n1prQ1/1p3pN1/3P4/2PB4/PP3PP1/R3K3 w Q - 0 18,g8h8 g6h7,902,75,100,96,mate mateIn1 middlegame oneMove,https://lichess.org/6iYgrl1g/black#34,French_Defense French_Defense_Classical_Variation,"(900, 1000]"
2gcg4,2r3k1/pp3ppp/4p3/q2p4/2rPnPQ1/4P3/PP2NPBP/2R3RK b - - 0 19,f3g4 e4f2,902,83,100,54,kingsideAttack mate mateIn1 middlegame oneMove smotheredMate,https://lichess.org/QHx8dKrf#37,,"(900, 1000]"
3AMpL,rn3rk1/ppp1bpB1/8/7Q/2q1p3/2N4b/PP4PP/R5K1 w - - 0 17,c8h3 h5h8,902,77,100,475,mate mateIn1 middlegame oneMove,https://lichess.org/NbwRqiyT/black#32,Zukertort_Opening Zukertort_Opening_Tennison_Gambit,"(900, 1000]"
3cmLH,8/2nk3p/4p1P1/pp1pR3/2pP2P1/P1P2r1r/1PN1RP2/4K3 b - - 0 35,h5g6 h3h1 e1d2 f3d3,902,78,100,428,endgame mate mateIn2 short,https://lichess.org/4S61T5Bl#69,,"(900, 1000]"
5AvTe,8/1rBk1p1p/1P2p3/p2pP3/K6Q/8/1r3PRP/1q6 w - - 8 35,c1b1 h4d8 d7c6 d8d6,902,76,100,139,endgame mate mateIn2 short,https://lichess.org/DtkMNKGF/black#68,,"(900, 1000]"
5egXi,r2k1b1r/pp1Ppppp/1qn5/8/4nBb1/1P3N2/P1P2PPP/RN1QKB1R b KQ - 0 9,b2b3 b6f2,902,80,100,73,attackingF2F7 mate mateIn1 oneMove opening,https://lichess.org/oUJAD18o#17,Sicilian_Defense Sicilian_Defense_Modern_Variations,"(900, 1000]"
752nE,4rk2/p3br1p/2p1qp2/2np4/8/1BN1Q1R1/PPP2PPP/6K1 w - - 0 22,d7e6 e3h6 f7g7 h6g7,902,75,100,160,mate mateIn2 middlegame short,https://lichess.org/Dxd6KIo5/black#42,,"(900, 1000]"
7AoXf,8/1k3pp1/1p6/2p1pP2/4Pb2/3P3q/2P2B2/R4QKN b - - 0 34,g3h1 h3h2,902,78,100,331,endgame mate mateIn1 oneMove,https://lichess.org/lRIYHmCE#67,,"(900, 1000]"
7L5G5,6k1/pppR4/3b4/7R/r7/2P2N1P/5PP1/6K1 b - - 0 35,h7h5 a4a1 f3e1 a1e1,902,123,100,12,endgame mate mateIn2 short,https://lichess.org/C1PVxwdL#69,,"(900, 1000]"
7LVR3,r3r1k1/ppq2p1p/2pp1p1B/5b2/P1B2Pn1/7P/1PP1Q1P1/R3R1K1 w - - 1 19,e5g4 e2e8 a8e8 e1e8,902,76,100,177,kingsideAttack mate mateIn2 middlegame short,https://lichess.org/26bon1wC/black#36,Philidor_Defense Philidor_Defense_Lion_Variation,"(900, 1000]"
7RLHd,r1b2rk1/1pqp2bp/p3ppp1/2P1n3/1P2P1n1/1BN2N2/P1PB1PPP/1R1Q1RK1 b - - 2 13,c4b3 e5f3 g2f3 c7h2,902,76,100,471,discoveredAttack kingsideAttack mate mateIn2 opening short,https://lichess.org/xD9y9qYE#25,Sicilian_Defense Sicilian_Defense_Hyperaccelerated_Dragon,"(900, 1000]"
7bY8Z,8/3Q1pkp/P3p1p1/3p4/5P2/5qPK/6B1/8 b - - 9 55,f1g2 f3h5,902,75,100,399,endgame mate mateIn1 oneMove,https://lichess.org/RcacfaMo#109,,"(900, 1000]"
8fBFk,r4rk1/2p3pp/1p1pN3/p2b1p2/4q3/1P4P1/PQ2PP1P/3RR1K1 w - - 0 21,b7d5 b2g7,902,79,100,430,kingsideAttack mate mateIn1 middlegame oneMove,https://lichess.org/1sQ0S94C/black#40,,"(900, 1000]"
8kS72,1k2r3/ppp4r/6p1/nP6/6p1/q1N5/5PPP/3RRNK1 w - - 0 27,h8e8 e1e8,902,127,100,26,backRankMate mate mateIn1 middlegame oneMove,https://lichess.org/ucQWDZeE/black#52,,"(900, 1000]"
9Ooe2,2bqrk2/2r3pQ/p2bp1P1/3p2p1/3P1P2/2PB2R1/1P6/5KR1 w - - 5 32,g8f8 h7h8 f8e7 h8g7,902,75,100,590,deflection interference mate mateIn2 middlegame short,https://lichess.org/sdxT2k3U/black#62,,"(900, 1000]"
9QvzM,3R4/1q2k1p1/1P2pp2/7Q/p3rP2/8/5P1P/6K1 w - - 4 40,f7e7 h5e8,902,76,100,173,endgame mate mateIn1 oneMove,https://lichess.org/CSZIzStP/black#78,,"(900, 1000]"
9qHLY,rkb4q/pp2b3/1n2pn2/1Q4pp/P2PB3/4P3/1P3PPP/R3K2R w KQ - 1 20,g8f6 b5e5 e7d6 e5d6,902,78,100,1696,mate mateIn2 middlegame queensideAttack short,https://lichess.org/KdL6nBD4/black#38,Horwitz_Defense Horwitz_Defense_Other_variations,"(900, 1000]"
ASXqS,8/p7/3p3p/3Pkpp1/P7/1P1RKPPP/1r6/8 b - - 0 33,f2f3 f5f4 g3f4 g5f4,902,80,100,141,endgame mate mateIn2 rookEndgame short,https://lichess.org/9MW9bgUD#65,,"(900, 1000]"
CyT8p,3r2k1/p4ppp/1p6/3P4/5Q2/1P4P1/P3q2P/5RK1 w - - 1 26,f8d8 f4f7 g8h8 f7f8 d8f8 f1f8,902,101,100,27,backRankMate endgame long mate mateIn3 sacrifice,https://lichess.org/z6Z2EHDZ/black#50,,"(900, 1000]"
DB4oW,r1k3r1/ppp3qp/3b4/5p2/Q2p2N1/2P5/PP3PPP/R3R1K1 w - - 0 19,h6g7 e1e8 g8e8 a4e8,902,77,100,561,mate mateIn2 middlegame queensideAttack short,https://lichess.org/4Noatv3t/black#36,Italian_Game Italian_Game_Classical_Variation,"(900, 1000]"
DgyhB,7k/1q4p1/pp3b1B/2pr1Q2/P7/1PP2b2/5P1P/4R1K1 w - - 1 29,d8d5 e1e8,902,79,100,647,mate mateIn1 middlegame oneMove,https://lichess.org/fJ61uVFV/black#56,,"(900, 1000]"
E7FbM,r1b2rk1/p1q2ppp/2p2b2/1pn1p1N1/4P2Q/1BNP4/PPP3PP/R1B3K1 w - - 0 15,e7f6 h4h7,902,76,100,110,kingsideAttack mate mateIn1 middlegame oneMove,https://lichess.org/kfnDaxDd/black#28,Vienna_Game Vienna_Game_Other_variations,"(900, 1000]"
EN7ue,6k1/1p2np1p/1q2p1p1/p3P3/b2pNPP1/P1r1r3/3N2BP/KR3Q1R b - - 13 27,b2a1 c3a3,902,76,100,153,mate mateIn1 middlegame oneMove,https://lichess.org/WDtgrKbT#53,,"(900, 1000]"
EQTVC,2P5/7p/3Q2nk/8/2P3P1/P1r5/4r3/6K1 b - - 0 61,c7c8q c3c1 d6d1 c1d1,902,78,100,2177,endgame mate mateIn2 short,https://lichess.org/HURGqoqf#121,,"(900, 1000]"
FEnrV,r1b1r1k1/pppp1ppp/8/3n2q1/3b4/P2P1B2/1PP2PPP/R2QR1K1 w - - 0 15,f6d5 e1e8,902,77,100,90,backRankMate hangingPiece mate mateIn1 middlegame oneMove,https://lichess.org/yMALb7Sd/black#28,Russian_Game Russian_Game_Other_variations,"(900, 1000]"
Foei5,r4k1r/ppQ2ppp/4p3/8/8/7P/PP1RKPq1/8 w - - 0 20,h1g2 d2d8 a8d8 c7d8,902,78,100,77,endgame mate mateIn2 short,https://lichess.org/YJYpkhaC/black#38,,"(900, 1000]"
HOWMA,2k1r3/5ppp/1p6/1qb5/8/4P3/1P4PP/RR1QN1K1 b - - 0 24,c1d1 c5e3 g1h1 b5f1,902,76,100,366,mate mateIn2 middlegame short,https://lichess.org/2U2Tz6xd#47,,"(900, 1000]"
HWjjN,2kr3r/pp3pp1/2p5/5q2/2PpR3/3P2Pp/PP1B1P1K/R2Q4 b - - 0 20,g2g3 f5f2 h2h1 f2g2,902,76,100,1209,mate mateIn2 middlegame short,https://lichess.org/Bq4PWQ0V#39,,"(900, 1000]"
IiL0I,7r/pp2pkbp/5pp1/3N4/3n4/3b3P/PP1B1PP1/3RK1NR b K - 1 16,c7d5 d4c2,902,76,100,386,mate mateIn1 middlegame oneMove,https://lichess.org/wyqpGWBO#31,Pirc_Defense Pirc_Defense_Byrne_Variation,"(900, 1000]"
0dNdD,r4k2/pb2qPbQ/1p1p4/2pP4/5R2/1N6/PP2r1PP/R5K1 w - - 0 23,e3e2 h7g8,903,76,100,79,mate mateIn1 middlegame oneMove,https://lichess.org/qoSMy0sd/black#44,,"(900, 1000]"
1Eg1R,5rk1/rpp2pp1/1p6/4pN2/3p4/1P6/P1PP1n2/1K1R3R w - - 1 25,h3f2 f5e7,903,75,100,794,endgame mate mateIn1 oneMove,https://lichess.org/O7KmtduW/black#48,,"(900, 1000]"
1fn4L,5r2/4pp2/3p1k2/p1rP2R1/1p1R2pP/8/PPP3P1/1K6 w - - 3 33,g6f6 d4f4,903,75,100,415,endgame mate mateIn1 oneMove rookEndgame,https://lichess.org/RMbcDGMM/black#64,,"(900, 1000]"
1zSCh,5rk1/p4p2/6rp/6n1/3P1B1P/4P2b/PQ3PBP/2R2RK1 b - - 0 26,g3h4 g5f3 g1h1 h3g2,903,77,100,96,kingsideAttack mate mateIn2 middlegame pin short,https://lichess.org/g7Ke2Y09#51,,"(900, 1000]"
2DAXC,8/5kpp/R4p2/P7/6PK/r6P/8/8 b - - 4 43,g3h4 g7g5 h4h5 a3h3,903,76,100,1200,deflection endgame mate mateIn2 rookEndgame short,https://lichess.org/GCq5drDC#85,,"(900, 1000]"
2HMoo,8/8/4R3/4p2p/7k/5P2/r2p2PP/2R2K2 b - - 0 55,d1c1 d2c1q,903,78,100,108,advancedPawn endgame mate mateIn1 oneMove promotion,https://lichess.org/SxyJM0vq#109,,"(900, 1000]"
2VPOz,4kr2/1P2b1pQ/1qppb3/1p6/7N/2N5/PPP3PP/R1B2R1K b - - 0 18,f3h4 f8f1,903,75,100,552,backRankMate hangingPiece mate mateIn1 middlegame oneMove,https://lichess.org/IWU0a5z6#35,Rat_Defense Rat_Defense_Harmonist,"(900, 1000]"
2Zu46,r6r/ppR3pp/3kb3/7Q/8/3p4/Pq3PPP/5RK1 w - - 1 18,e7d6 h5c5,903,81,100,57,mate mateIn1 middlegame oneMove,https://lichess.org/5dH9d6Tr/black#34,Four_Knights_Game Four_Knights_Game_Italian_Variation,"(900, 1000]"
4EZ5l,8/3r1pk1/p1q2b1p/R4Qp1/2P5/1P2B1PP/P4P2/6K1 b - - 0 27,h2h3 d7d1 g1h2 c6h1,903,85,100,39,endgame mate mateIn2 short,https://lichess.org/NxeMAjaC#53,,"(900, 1000]"
4K9z0,8/ppR3pk/7p/3P1pbq/1P2p3/P3P3/5PQ1/5K2 b - - 8 33,c1c7 h5d1,903,77,100,408,endgame mate mateIn1 oneMove,https://lichess.org/fiAQEpgt#65,,"(900, 1000]"
82FV5,r3nrk1/6p1/4p1P1/p1p1p3/P1bp3Q/R7/1PP3PP/7K w - - 0 26,f6e5 h4h7,903,78,100,330,endgame mate mateIn1 oneMove,https://lichess.org/Tx6T2PtV/black#50,,"(900, 1000]"
88nSI,5rk1/p7/3Qb1p1/4p2p/8/1q4P1/1B6/K2R3R b - - 1 35,a2a1 b3a2,903,77,100,625,master mate mateIn1 middlegame oneMove,https://lichess.org/bmDYyaZG#69,,"(900, 1000]"
8YW36,r2r2k1/pp3p1p/4N1p1/8/8/P1Q2P2/qPK3PP/7R w - - 0 26,c8d8 c3g7,903,76,100,118,endgame mate mateIn1 oneMove,https://lichess.org/uMFQHFOp/black#50,,"(900, 1000]"
8qiDH,6k1/p5r1/1p6/2ppPQ2/5R2/P3q2P/6PK/8 b - - 1 34,g1h2 e3g3 h2g1 g3g2,903,76,100,245,endgame mate mateIn2 short,https://lichess.org/DVfaLlU2#67,,"(900, 1000]"
AJLXC,rn1q1rk1/ppp4p/3b4/3PpQ2/8/2NB4/PPP3PP/R1B3K1 w - - 1 16,e8f8 f5h7,903,77,100,114,kingsideAttack mate mateIn1 middlegame oneMove,https://lichess.org/OutNV8PG/black#30,Kings_Gambit_Declined Kings_Gambit_Declined_Falkbeer_Countergambit,"(900, 1000]"
ANnZt,1R6/5ppk/7p/5PPP/8/p4K2/1pr5/8 w - - 0 44,a4a3 g5g6 f7g6 f5g6,903,79,100,64,endgame mate mateIn2 rookEndgame short,https://lichess.org/Umpe9fGw/black#86,,"(900, 1000]"
ArcQw,8/6p1/8/pB5p/P3p1kP/6P1/6K1/2n5 w - - 6 45,d3c1 b5d7,903,76,100,314,endgame mate mateIn1 oneMove,https://lichess.org/SRLPAJiE/black#88,,"(900, 1000]"
BWkJw,8/p1R5/5pk1/3qr1p1/8/7Q/PP6/1K1N1r2 w - - 2 54,h6g6 h3h7,903,77,100,383,endgame mate mateIn1 oneMove,https://lichess.org/fQYTp0CH/black#106,,"(900, 1000]"
Bq6yc,2kr3r/ppp2ppp/3bb3/4q3/Q7/2P1B2P/PP2BPP1/RN2R1K1 b - - 0 14,c1e3 e5h2 g1f1 h2h1,903,94,100,37,kingsideAttack mate mateIn2 middlegame short,https://lichess.org/RVejwhWn#27,Kings_Knight_Opening Kings_Knight_Opening_Normal_Variation,"(900, 1000]"
CFLLo,5r2/pb5k/1p3p1P/2qp4/2r2PQ1/1K6/PPN5/R7 w - - 2 35,g6h7 g4g7,903,75,100,192,mate mateIn1 middlegame oneMove,https://lichess.org/MD5kfem1/black#68,,"(900, 1000]"
CT2MT,5rk1/pp1b3p/2pbpn1q/3p1pP1/2PP4/1P2PB2/PB1Q1NPP/5RK1 b - - 0 21,f4g5 h6h2,903,76,100,418,kingsideAttack mate mateIn1 middlegame oneMove,https://lichess.org/eJh8vN6M#41,,"(900, 1000]"
0XAE7,1Q6/5ppk/3Qp2p/3p1q2/8/2P5/r4RPP/2R3K1 b - - 0 31,f1f2 f5f2 g1h1 f2g2,1001,78,100,108,endgame mate mateIn2 short,https://lichess.org/6Vc9LAco#61,,"(1000, 1100]"
0jehT,6qk/7b/8/2Qp4/P2P3P/6P1/8/6K1 b - - 0 41,f2g3 g8g3 g1f1 h7d3,1001,74,100,161,endgame mate mateIn2 short,https://lichess.org/S4V6GcMW#81,,"(1000, 1100]"
18pcF,8/6pk/Q5pp/3P3r/8/6qP/PP4P1/6RK b - - 0 28,c4a6 h5h3 g2h3 g3h3,1001,77,100,89,endgame mate mateIn2 sacrifice short,https://lichess.org/nWZa7V4r#55,,"(1000, 1100]"
1ccOD,7k/1p4pp/p1qQBbb1/2P1p3/1P3p2/P6P/1B3PP1/6K1 w - - 6 31,c7c6 d6f8,1001,76,100,587,endgame mate mateIn1 oneMove,https://lichess.org/UkrTwiC4/black#60,,"(1000, 1100]"
2x2QJ,2r2rk1/p4pp1/1p2pq2/3p4/3n4/P3PNP1/1PQ2PP1/1R2K2R w K - 0 19,h8g8 c2h7,1001,79,100,54,mate mateIn1 middlegame oneMove,https://lichess.org/BEvDL2u0/black#36,Mikenas_Defense Mikenas_Defense_Other_variations,"(1000, 1100]"
3bfwL,4k3/ppp5/6n1/1P1p1p2/P2P1Pnp/2P2N1K/6PB/8 b - - 1 30,d2f3 g4f2,1001,77,100,89,endgame mate mateIn1 oneMove,https://lichess.org/kbNHhlIw#59,,"(1000, 1100]"
476WC,8/pp3k1p/2p3p1/3p1nK1/3P1BPP/1PP5/P7/8 b - - 0 33,g3g4 h7h6,1001,75,100,76,endgame mate mateIn1 oneMove,https://lichess.org/Gq4Ggx9w#65,,"(1000, 1100]"
4pjQY,1q6/3Q1Rpk/p6p/4r3/8/2P4P/P5P1/7K b - - 2 33,e6d7 e5e1 f7f1 e1f1,1001,76,100,243,endgame mate mateIn2 short,https://lichess.org/cSJW2fTR#65,,"(1000, 1100]"
5DZ5z,r1bq1k2/2b1np2/pnp1pNpr/1p1pP2p/1P1P4/5N2/P1P1BPPP/1RQ2RK1 w - - 0 17,h8h6 c1h6,1001,77,100,78,hangingPiece mate mateIn1 middlegame oneMove,https://lichess.org/30IiGtmP/black#32,French_Defense French_Defense_Normal_Variation,"(1000, 1100]"
5HUz1,1r1r2k1/p4ppp/2p2q2/8/Q1P2P2/5NPP/PP6/2KR2R1 b - - 0 21,d4f3 f6b2,1001,78,100,76,mate mateIn1 middlegame oneMove queensideAttack,https://lichess.org/4I51yoAe#41,,"(1000, 1100]"
6Y5Mk,4kb1r/3p1p2/p2P2pp/3QPp2/1N3P2/4q3/PP4PP/2r2R1K w k - 1 26,c8c1 d5a8 c1c8 a8c8,1001,75,100,1297,mate mateIn2 middlegame short,https://lichess.org/YFjpqwTL/black#50,,"(1000, 1100]"
6h3PX,8/1p2N1R1/3p1B1k/4p2b/2P2b2/7P/1r6/6K1 w - - 15 53,h7h6 e7f5,1001,75,100,245,endgame mate mateIn1 oneMove,https://lichess.org/WCCFWIYX/black#104,,"(1000, 1100]"
8DPWj,8/3q1pk1/p5p1/1pp1p3/4Pn1p/P1P1QP2/1PB5/5N1K b - - 3 41,h2f1 d7h3 f1h2 h3g2,1001,85,100,40,endgame fork mate mateIn2 short,https://lichess.org/JTmUHHNw#81,,"(1000, 1100]"
A8cC9,1r1k2r1/p2bpQ2/2p2B2/qp5p/2nP3P/2N2P2/1PP1N1P1/2KR3R b - - 0 20,e5f6 a5a1 c3b1 a1b2,1001,76,100,82,mate mateIn2 middlegame queensideAttack short,https://lichess.org/E2cydZWQ#39,,"(1000, 1100]"
ATEOs,7r/4R3/1p1p1p2/1b1P4/3NPkp1/P1N5/1P3KPr/4R3 b - - 0 29,f5d4 g4g3 f2g1 h2h1,1001,75,100,106,mate mateIn2 middlegame short,https://lichess.org/6E0rCFL3#57,,"(1000, 1100]"
CuhEi,6k1/B1p2ppp/1p6/8/5R2/1QP1n1PP/PP2qP2/7K b - - 0 28,h2h1 e2f1 h1h2 f1g2,1001,76,100,337,endgame mate mateIn2 short,https://lichess.org/zNuC5k86#55,,"(1000, 1100]"
Cxa7g,1r1bQ3/1p4pk/4Rp1p/q1Pp4/3P1P1N/4P3/6PP/6K1 b - - 4 27,f3h4 a5e1,1001,76,100,141,endgame mate mateIn1 oneMove,https://lichess.org/Yuht8eTS#53,,"(1000, 1100]"
Cz8h6,8/8/8/5R1p/5p2/3n1K1k/8/8 w - - 0 54,h4h3 f5h5,1001,122,100,26,endgame mate mateIn1 oneMove,https://lichess.org/aSmGYwqD/black#106,,"(1000, 1100]"
Dge2h,r1k2b1r/ppp2Np1/7p/3Qpb2/4N3/1P6/PqnP1PPP/R2K3R w - - 2 16,a3b2 d5d8,1001,77,100,563,mate mateIn1 middlegame oneMove,https://lichess.org/fuBLehzC/black#30,Four_Knights_Game Four_Knights_Game_Italian_Variation,"(1000, 1100]"
EeM8G,1k5r/pp4Qp/1qpp4/6B1/4P1n1/2N5/PPP5/3RK3 b - - 0 26,f7g7 b6f2,1001,76,100,443,mate mateIn1 middlegame oneMove,https://lichess.org/SfKmhAmi#51,,"(1000, 1100]"
GS8xu,2rk1b1r/2q3pp/3p1p2/1B1n2B1/1p4PP/8/PPPR1P2/2K1R3 w - - 0 20,f7f6 e1e8,1001,76,100,166,mate mateIn1 middlegame oneMove,https://lichess.org/vvktGxHk/black#38,,"(1000, 1100]"
GTu6D,8/pppR2pk/4pp2/2P3PK/5P1P/7r/P6r/8 w - - 1 35,e2h2 g5g6 h7h8 d7d8,1001,77,100,157,endgame mate mateIn2 rookEndgame short,https://lichess.org/5XA8HpgS/black#68,,"(1000, 1100]"
GrdWB,6k1/p6R/1p2prp1/4Pp2/2rp4/2qB1P2/2P1K2R/8 w - - 0 32,c8c4 h7h8 g8f7 h2h7,1001,77,100,85,endgame mate mateIn2 short,https://lichess.org/FXsxUxd6/black#62,,"(1000, 1100]"
GvYwd,4R3/3r1kp1/p3R3/3p1PP1/2pn4/3n1PK1/1P6/8 w - - 0 44,c6d4 g5g6,1001,75,100,290,endgame mate mateIn1 oneMove,https://lichess.org/9rCp4Ajv/black#86,,"(1000, 1100]"
H26tS,5bk1/5pp1/2Q5/2p2P1P/2P3nq/3P2P1/5P2/4R1K1 b - - 0 36,g2g3 h4h2 g1f1 h2f2,1001,79,100,539,endgame mate mateIn2 short,https://lichess.org/09rzMsD3#71,,"(1000, 1100]"
IhVQ6,r3b1k1/p5pr/2p3Q1/1p3p1p/3P1P1q/B7/6P1/2R1R1K1 w - - 0 30,f7e8 e1e8 a8e8 g6e8,1001,75,100,236,mate mateIn2 middlegame short,https://lichess.org/g0K4J4tk/black#58,,"(1000, 1100]"
1mKLd,r2q3r/2p2p1k/p2p1pnp/1p1PpN1Q/8/P2PP2P/BPP3P1/R5K1 w - - 5 18,f8h8 h5h6 h7g8 h6g7,1002,77,100,77,mate mateIn2 middlegame short,https://lichess.org/p2smBhRB/black#34,Italian_Game Italian_Game_Giuoco_Pianissimo,"(1000, 1100]"
2H8Ov,8/8/2b5/2p3R1/2P1p2p/1P1pNr2/3K1k2/8 w - - 6 63,g3f2 g5g2,1002,75,100,369,endgame mate mateIn1 oneMove,https://lichess.org/NbVVLiB8/black#124,,"(1000, 1100]"
3Ty58,kr2qbnr/pp4pp/2N1pp2/1N6/8/8/PPbP1PPP/R1B2RK1 w - - 0 16,c8b8 b5c7,1002,76,100,221,mate mateIn1 oneMove opening smotheredMate,https://lichess.org/YCMuzdGd/black#30,Scandinavian_Defense Scandinavian_Defense_Blackburne_Gambit,"(1000, 1100]"
4CQrd,b1r3k1/p2p2pp/3Np3/2p3B1/2P4q/2QP1P2/PP3P1P/R4RK1 b - - 0 23,e3g5 h4g5 g1h1 a8f3,1002,75,100,222,kingsideAttack mate mateIn2 middlegame short,https://lichess.org/NOJJlflq#45,,"(1000, 1100]"
4uGHw,r2qr1k1/pb1n1pp1/1p2p2p/3nN3/3P4/B2BP3/P1Q2PPP/R4RK1 w - - 2 15,b8d7 d3h7 g8h8 e5f7,1002,76,100,212,deflection kingsideAttack mate mateIn2 middlegame short,https://lichess.org/IckLIMOA/black#28,Nimzo-Indian_Defense Nimzo-Indian_Defense_Classical_Variation,"(1000, 1100]"
5Slp4,5rr1/p1p3k1/1p1b3p/1N4pB/4R3/1Q6/PP3qPP/4R2K b - - 1 23,g1h1 f2f1 e1f1 f8f1,1002,78,100,619,kingsideAttack mate mateIn2 middlegame sacrifice short,https://lichess.org/o41nMl8z#45,,"(1000, 1100]"
5iTcG,8/6k1/pR2Q1p1/P2p3p/3P3P/8/2r2qP1/3K4 b - - 8 43,e1d1 f2d2,1002,77,100,92,endgame mate mateIn1 oneMove,https://lichess.org/jlltYowa#85,,"(1000, 1100]"
5nQeO,5r2/1pp3k1/3p2p1/pP1qp2P/P7/5PQ1/5r2/6RK w - - 0 40,c2f2 g3g6 g7h8 g6g7,1002,76,100,442,endgame mate mateIn2 short,https://lichess.org/JWcE6o3p/black#78,,"(1000, 1100]"
6zaVD,6kr/p4pp1/3Npn2/8/2PP2q1/4PNP1/2Q2PK1/1R3R2 b - - 4 27,a1b1 g4h3 g2g1 h3h1,1002,76,100,505,mate mateIn2 middlegame short,https://lichess.org/MsxSpdxc#53,,"(1000, 1100]"
8ET2i,6k1/5R2/p3p2p/3bN1p1/P1p5/2P3P1/1r1n2PP/1B4K1 w - - 12 34,g7g8 b1h7 g8h8 e5g6,1002,76,100,99,endgame mate mateIn2 short,https://lichess.org/5K9a5fhC/black#66,,"(1000, 1100]"
8KSPa,1r5r/pb1R3p/1p3kp1/4qp2/8/7Q/PPP1B3/1K6 w - - 0 29,g7f6 h3h4 g6g5 h4h6,1002,76,100,94,mate mateIn2 middlegame short,https://lichess.org/We9QkmRG/black#56,,"(1000, 1100]"
8ce9a,1kb4q/p4R1P/2p3p1/P2pNp2/2pP1P2/8/3K4/7r w - - 6 41,c1h1 e5c6 b8a8 f7a7,1002,75,100,241,arabianMate endgame mate mateIn2 short,https://lichess.org/eLSm6lF5/black#80,,"(1000, 1100]"
APiV5,1r5q/p1k4r/1p1pQ3/2pB4/5B2/1P6/P2P1PPP/R5K1 b - - 2 22,e3f4 h8a1 e6e1 a1e1,1002,76,100,248,hangingPiece mate mateIn2 middlegame short,https://lichess.org/ew1NUg4o#43,,"(1000, 1100]"
AYCjl,r4rk1/1p6/p1p3pp/3b4/P4q2/2PQ4/1PB2PP1/R5K1 w - - 0 28,f7g6 d3g6 g8h8 g6h7,1002,75,100,323,mate mateIn2 middlegame short,https://lichess.org/gMIRvcR9/black#54,,"(1000, 1100]"
AaqRI,4r3/6p1/p7/1p4R1/1P2rk2/2P2N2/P3pKP1/8 w - - 14 47,g4f4 g2g3,1002,75,100,170,endgame mate mateIn1 oneMove,https://lichess.org/hNKee8KN/black#92,,"(1000, 1100]"
AqJhm,8/8/6p1/6k1/5qP1/6QK/8/8 w - - 6 52,d2f4 g3h4,1002,80,100,153,endgame mate mateIn1 oneMove queenEndgame,https://lichess.org/IBDqOybO/black#102,,"(1000, 1100]"
Bve8f,8/pkp4R/1p2N3/4P3/4r1p1/1KP2bP1/PP5P/8 b - - 6 38,h8h7 f3d1 b3a3 e4a4,1002,76,100,338,endgame mate mateIn2 short,https://lichess.org/pC4ljMci#75,,"(1000, 1100]"
Ce4xI,rn1q1bkr/pp2p1pp/2p2n2/4N3/6Q1/8/PPPP2PP/RNB1K2R w KQ - 1 10,e4f6 g4e6,1002,77,100,135,mate mateIn1 oneMove opening,https://lichess.org/NhpyH9Hc/black#18,Caro-Kann_Defense Caro-Kann_Defense_Hillbilly_Attack,"(1000, 1100]"
Ce9GB,3r3k/1p3Qpp/p7/8/2Brb3/1P6/P2q2PP/4RRK1 b - - 4 26,h5f7 d2g2,1002,75,100,682,mate mateIn1 middlegame oneMove,https://lichess.org/WiuSLJ6j#51,,"(1000, 1100]"
DnUgU,7k/1p4pp/p5q1/8/2Qr2P1/5P2/PP4K1/8 w - - 0 33,d8d4 c4c8 d4d8 c8d8 g6e8 d8e8,1002,74,100,3173,backRankMate endgame long mate mateIn3,https://lichess.org/8ReMkIx2/black#64,,"(1000, 1100]"
EuHwD,r2q1Bk1/pp1n1p1n/7Q/3p2b1/3P4/3p1P1P/PPP1rP2/R2K2R1 w - - 6 19,f4g5 h6g7,1002,77,100,60,mate mateIn1 middlegame oneMove,https://lichess.org/Y2ocuugk/black#36,French_Defense French_Defense_Exchange_Variation,"(1000, 1100]"
F8Mu4,8/pRq1rp1k/6p1/7p/4B1n1/2PP1Q2/P1P3PP/5R1K b - - 3 22,b8b7 c7h2,1002,75,100,685,mate mateIn1 middlegame oneMove,https://lichess.org/vty1udbB#43,,"(1000, 1100]"
HDoEN,6rk/p3R1p1/1b6/8/1P4Q1/2P3P1/q4P1P/5NK1 b - - 0 31,e4g4 a2f2 g1h1 f2f1,1002,83,100,39,deflection endgame mate mateIn2 short,https://lichess.org/A9APWdH7#61,,"(1000, 1100]"
IkPNV,rn1k1bnr/pbq1pQpp/2p5/1p2N3/2pP4/4P3/PP3PPP/RNB1KB1R w KQ - 1 8,e8d8 f7f8,1002,86,100,72,hangingPiece mate mateIn1 oneMove opening,https://lichess.org/fkRWc6ZG/black#14,Queens_Gambit_Accepted Queens_Gambit_Accepted_Slav_Gambit,"(1000, 1100]"
1SeMt,6k1/6p1/pp1Q1n2/8/3P2p1/2P3Bq/P1P1rR1P/6K1 b - - 6 32,f1f2 e2e1 f2f1 h3f1,1003,76,100,218,endgame mate mateIn2 short,https://lichess.org/dA1IZQes#63,,"(1000, 1100]"
1pj93,3k1r2/rp2q1b1/pN1p3p/PbpPn1pB/N5Q1/4P3/1P4PP/2KRR3 w - - 13 23,d7e5 g4c8,1003,75,100,447,mate mateIn1 middlegame oneMove,https://lichess.org/wUyljy3k/black#44,,"(1000, 1100]"
2BLlS,1R6/4kpp1/4p1p1/3pB3/3P3n/4qP1P/1R4PK/2r5 w - - 2 33,f8e7 b2b7 c1c7 b7c7,1003,76,100,55,endgame mate mateIn2 short,https://lichess.org/3FS9tcIP/black#64,,"(1000, 1100]"
2njTx,Q7/p4pkp/8/5q2/8/1N2b1Nb/PPP3rP/1K1R3R b - - 4 22,e4g3 f5c2 b1a1 c2b2,1003,75,100,494,mate mateIn2 middlegame queensideAttack short,https://lichess.org/SMQTfKQR#43,,"(1000, 1100]"
4TKRv,rn3rk1/1pp2ppR/p2p2P1/5N2/4P3/2N1b3/PPP5/R2QKBq1 b Q - 4 18,c4f1 g1f2,1003,79,100,84,mate mateIn1 oneMove opening,https://lichess.org/e8ydkNUO#35,Philidor_Defense Philidor_Defense_Exchange_Variation,"(1000, 1100]"
4l60B,3R1r1k/1b3p1p/p1p1pR2/4q3/6Q1/PB6/1PP3PP/7K b - - 0 25,d1d8 e5e1 f6f1 e1f1,1003,75,100,86,mate mateIn2 middlegame short,https://lichess.org/NpLFGT4U#49,,"(1000, 1100]"
4qVqV,r1b1kb1r/ppp2ppp/2p5/4N3/3qn3/5P2/PPPP2PP/RNBQK2R b KQkq - 0 7,f2f3 d4f2,1003,77,100,605,mate mateIn1 oneMove opening,https://lichess.org/okZEF7DX#13,,"(1000, 1100]"
6ZCh4,8/5R1P/4k3/7r/8/5RP1/1r6/5K2 b - - 2 50,g2f1 h5h1,1003,75,100,488,endgame mate mateIn1 oneMove rookEndgame,https://lichess.org/cyo9zl9m#99,,"(1000, 1100]"
78tnW,8/8/8/8/7k/8/P7/2BB1qRK b - - 1 50,g2g1 f1h3,1003,79,100,86,endgame mate mateIn1 oneMove,https://lichess.org/ZJF0A7cJ#99,,"(1000, 1100]"
7bvqB,4r2k/2p1q2p/1p3pp1/2pB2B1/8/P1Q5/1PP2PPP/3b2K1 w - - 0 22,e2d1 g5f6 e7f6 c3f6,1003,76,100,470,endgame fork mate mateIn2 short,https://lichess.org/OF0RIkjr/black#42,,"(1000, 1100]"
7xG7E,r4rk1/pppnqppp/8/1N6/1b2p3/1P2N3/b1PBQPPP/2KR1B1R b - - 0 13,b2b3 b4a3 b5a3 e7a3,1003,83,100,350,mate mateIn2 middlegame queensideAttack short,https://lichess.org/roQqrImh#25,Russian_Game Russian_Game_Damiano_Variation,"(1000, 1100]"
8P14m,1r2rk2/p5pn/5bQN/3p3P/2p5/2p5/PP1Bq3/R1K3R1 w - - 0 34,d4c3 g6f7,1003,75,100,151,mate mateIn1 middlegame oneMove,https://lichess.org/TzOnFocw/black#66,,"(1000, 1100]"
9NrVI,r1b2k1r/ppp5/3p2Q1/3PN3/2P1n2q/4P3/PP4BP/RN4K1 w - - 1 18,g7f8 g6f7,1003,76,100,93,mate mateIn1 middlegame oneMove,https://lichess.org/uwsy1SJa/black#34,Nimzowitsch_Defense Nimzowitsch_Defense_Kennedy_Variation,"(1000, 1100]"
AT2t6,5rk1/6p1/4p3/2P1P2P/1p1P1q2/pQ3Bb1/P5R1/6RK b - - 4 42,c2g2 f4h4 g2h2 h4h2,1003,75,100,210,mate mateIn2 middlegame short,https://lichess.org/6jzBIJll#83,,"(1000, 1100]"
Ddfsz,8/8/3RN3/5pbk/4r1p1/6P1/5PK1/8 w - - 12 69,d2g5 e6g7,1003,75,100,95,endgame mate mateIn1 oneMove,https://lichess.org/HDE9k10E/black#136,,"(1000, 1100]"
E2W3J,8/3R3p/2B3k1/2p1p1P1/2n5/4BP2/rrP5/2K5 w - - 2 35,f7g6 c6e4 g6h5 d7h7,1003,82,100,35,deflection endgame mate mateIn2 short,https://lichess.org/dWvut2Hw/black#68,,"(1000, 1100]"
Er6iT,2r1r1k1/7p/pp4p1/5pN1/3p1qnQ/2P5/PP5P/1K4R1 w - - 0 32,c7f4 h4h7 g8f8 h7f7,1003,75,100,226,mate mateIn2 middlegame short,https://lichess.org/PkZK6c4v/black#62,,"(1000, 1100]"
F0eIO,r1bq1rk1/7n/2p4p/p2pB1p1/1b6/2N5/PPQ2PPP/R4RK1 w - - 0 19,f6h7 c2g6,1003,76,100,231,mate mateIn1 middlegame oneMove,https://lichess.org/JltBjBw1/black#36,English_Opening English_Opening_Symmetrical_Variation,"(1000, 1100]"
GAifK,b5k1/p5pp/3B1p2/2p5/5Q2/2P2PPq/PP2rR1P/6K1 b - - 2 28,f1f2 e2e1 f2f1 e1f1,1003,75,100,372,endgame mate mateIn2 short,https://lichess.org/yfDlgy5F#55,,"(1000, 1100]"
HPK6V,r1bn1r2/p4k1p/4pB1P/1p1pPP1p/8/2P1q2B/PP6/R5RK w - - 0 30,g6h5 g1g7 f7e8 g7e7,1003,76,100,262,mate mateIn2 middlegame short,https://lichess.org/XSqe3Mum/black#58,,"(1000, 1100]"
I1bED,r2q4/1b1n1pkp/pp4r1/3ppQN1/P6P/2P5/1P3PP1/R4RK1 w - - 3 22,e6g6 f5f7 g7h8 f7h7,1003,77,100,454,mate mateIn2 middlegame short,https://lichess.org/4qAMvxzp/black#42,,"(1000, 1100]"
I2SmC,3q4/1p3p1k/p3p1pp/3p4/2rQP3/P5P1/2r3PP/R4RK1 w - - 1 30,c8c4 f1f7 h7g8 d4g7,1003,78,100,145,endgame mate mateIn2 short,https://lichess.org/6TQ5Hb76/black#58,,"(1000, 1100]"
IRJl7,3rr3/1p3p2/p5p1/2kn2Pp/3N3P/P1PKpP2/1PR4R/8 b - - 6 35,e2d3 d5f4,1003,76,100,247,endgame mate mateIn1 oneMove,https://lichess.org/Nk3X3Bt4#69,,"(1000, 1100]"
0Xq4y,2r3k1/1R5p/2P2Qp1/8/K7/P7/7P/1r6 b - - 0 61,b4a4 c8a8 b7a7 a8a7,1004,76,100,243,endgame mate mateIn2 queenRookEndgame short,https://lichess.org/wJBi3ETJ#121,,"(1000, 1100]"
0aSu9,8/1p4B1/2p5/p2p3k/8/Pr1B3r/4K3/6R1 w - - 6 46,h6h5 d3g6 h5h4 g7f6,1004,76,100,169,endgame mate mateIn2 short,https://lichess.org/bGQQbVsg/black#90,,"(1000, 1100]"
0vQcy,2rqkb1r/3bpppp/8/8/1ppPN3/5N2/PP2QPPP/4KB1R w Kk - 0 15,b5c4 e4d6,1004,76,100,184,mate mateIn1 middlegame oneMove pin smotheredMate,https://lichess.org/rS85o6vJ/black#28,Alekhine_Defense Alekhine_Defense_Other_variations,"(1000, 1100]"
11RJD,r1br4/p3kppp/1bpNp3/4P3/8/PNqp1Q2/2P2PPP/R4RK1 w - - 0 19,d4d3 f3f7,1004,76,100,676,mate mateIn1 middlegame oneMove,https://lichess.org/LnBWz7FH/black#36,French_Defense French_Defense_Advance_Variation,"(1000, 1100]"
17qAG,2r4k/p5p1/4r1Qp/8/2p5/3n1RB1/PP2q1PP/5R1K w - - 2 28,e8e6 f3f8 c8f8 f1f8,1004,78,100,53,mate mateIn2 middlegame short,https://lichess.org/F04zMjnx/black#54,,"(1000, 1100]"
1cVD8,5r1k/6p1/1Q3p1p/8/PP2Pnq1/6P1/1B3P2/4RK2 b - - 5 35,g2f1 g4h3 f1g1 h3g2,1004,75,100,1238,endgame mate mateIn2 short,https://lichess.org/dOVakW0l#69,,"(1000, 1100]"
28yRp,6k1/1pQ2pp1/p1P4p/8/P1P3PK/1r5P/8/8 b - - 0 36,e7c7 g7g5 h4h5 b3h3,1004,76,100,684,deflection endgame mate mateIn2 queenRookEndgame short,https://lichess.org/dRSLRxRM#71,,"(1000, 1100]"
2JSsT,rn2r1k1/ppp2ppp/8/1P5b/2P1n3/P2BPq2/1Q3P2/R1B1K1R1 w Q - 0 19,g2f3 b2g7,1004,77,100,412,kingsideAttack mate mateIn1 middlegame oneMove,https://lichess.org/QJhSlRwz/black#36,Nimzo-Indian_Defense Nimzo-Indian_Defense_Classical_Variation,"(1000, 1100]"
2KaKz,2r2r2/pq3pk1/1p3N1p/1P4n1/2PP4/4P1P1/2QN3P/5RK1 b - - 0 27,e4f6 g5h3,1004,75,100,651,mate mateIn1 middlegame oneMove,https://lichess.org/n1QjgZOM#53,,"(1000, 1100]"
4aBHO,6k1/4brpp/p3p3/4PB2/8/P2RPK1Q/1qp4P/8 w - - 0 34,c3c2 h3h7 g8f8 h7h8,1004,77,100,50,endgame mate mateIn2 short,https://lichess.org/rHH4QI0k/black#66,,"(1000, 1100]"
4iKE9,6k1/1bp1q1p1/3p1p1p/5P2/2PB2Q1/3P4/R4KPP/1r6 b - - 6 26,a7a2 e7e1,1004,111,100,18,endgame mate mateIn1 oneMove,https://lichess.org/GsDqhexD#51,,"(1000, 1100]"
59ljK,r3r2k/pp3p1p/3B2p1/q4P2/2pp4/P5QB/1PP2P1P/2K3R1 b - - 0 28,a2a3 e8e1 g1e1 a5e1,1004,75,100,498,mate mateIn2 middlegame queensideAttack short,https://lichess.org/C6S08aR8#55,,"(1000, 1100]"
5M9LM,r1b1r3/5pp1/p3p3/1p1nP2k/6R1/1PqQ3P/P4PP1/R5K1 w - - 4 22,g5h5 d3h7,1004,75,100,184,mate mateIn1 middlegame oneMove,https://lichess.org/vmo3GppE/black#42,,"(1000, 1100]"
5nmQE,r4kr1/pp2np2/4pB2/4P3/4bP2/2P4p/P1PR4/2KR4 w - - 4 27,f5e7 d2d8 a8d8 d1d8,1004,76,100,75,mate mateIn2 middlegame short,https://lichess.org/4rEZPtMq/black#52,,"(1000, 1100]"
5qTMp,4Rrk1/ppp3pr/3p2Qp/8/4R3/8/q4PPP/4N1K1 b - - 1 33,e7e8 a2f2 g1h1 f2f1,1004,75,100,462,mate mateIn2 middlegame short,https://lichess.org/tfwlNNzP#65,,"(1000, 1100]"
6zNdA,2rq1rk1/4bppp/p2p4/1p1np3/4Q3/1PP2b2/PBBN1PPP/R5K1 w - - 0 19,g4f3 e4h7,1004,76,100,98,kingsideAttack mate mateIn1 middlegame oneMove,https://lichess.org/zlQytY9o/black#36,Ruy_Lopez Ruy_Lopez_Closed,"(1000, 1100]"
7jzHZ,r7/pb1pn2R/1p2pbk1/2p5/4P3/5Q2/PqP2PP1/RN2K3 w Q - 0 21,g7g6 f3h5,1004,75,100,546,master mate mateIn1 middlegame oneMove,https://lichess.org/o7p3Muci/black#40,,"(1000, 1100]"
7vDcy,4r1k1/pp3pp1/3N4/2p4p/P1Q1p3/1P1rP1Bb/3P1P1P/R3KB1q b Q - 3 25,b5d6 h1f1,1004,82,100,48,mate mateIn1 middlegame oneMove,https://lichess.org/fSB78f8P#49,,"(1000, 1100]"
8sZD4,2r1qrk1/1pp1bppp/p7/8/4Qp2/P3B2R/1PP3PP/3R2K1 w - - 0 22,e5f4 e4h7,1004,81,100,49,kingsideAttack mate mateIn1 middlegame oneMove,https://lichess.org/Mto8jqrv/black#42,,"(1000, 1100]"
98HAm,2r3k1/p4p1r/7P/2qQ1Rp1/6P1/8/PP6/1K5R b - - 2 29,f1f5 c5c2 b1a1 c2c1 h1c1 c8c1,1004,75,100,475,backRankMate endgame long mate mateIn3 sacrifice,https://lichess.org/cjIyjaKj#57,,"(1000, 1100]"
9X2Bw,7Q/5p1p/4p1p1/q1B2k2/3Pn3/2n1PP2/5P1P/6K1 w - - 4 30,f6f5 h8e5,1004,76,100,170,endgame mate mateIn1 oneMove,https://lichess.org/HeTtDN5f/black#58,,"(1000, 1100]"
A7oil,r2q3Q/1b2k1p1/p3p1B1/1p1pP3/2pP4/2P1P3/PP1BK2P/8 w - - 2 27,f8e7 h8g7,1004,76,100,185,endgame mate mateIn1 oneMove,https://lichess.org/bIHvKhym/black#52,,"(1000, 1100]"
ANFKH,r1bq1rk1/ppp1bppp/4p3/4P1N1/1n1PN3/8/PPQ2PPP/R1B2RK1 w - - 7 14,d5b4 e4f6 g7f6 c2h7,1004,108,100,23,discoveredAttack kingsideAttack mate mateIn2 opening sacrifice short,https://lichess.org/rfUcWgNR/black#26,French_Defense French_Defense_Tarrasch_Variation,"(1000, 1100]"
CBwVP,r4rk1/5ppp/p7/2ppB2n/4pPq1/1P2P3/P1PPQK2/RN3R2 b - - 3 18,e1e2 g4g3,1004,75,100,360,mate mateIn1 middlegame oneMove,https://lichess.org/QhpQgzCK#35,Bird_Opening Bird_Opening_Other_variations,"(1000, 1100]"
D1NQM,2r3k1/2r1bp1p/1q5p/np1pP1N1/3P2p1/P6P/3N1Q2/R4RK1 w - - 0 24,g7h6 f2f7 g8h8 f7h7,1004,75,100,175,kingsideAttack mate mateIn2 middlegame short,https://lichess.org/dE0omGw4/black#46,,"(1000, 1100]"
DDPyX,r1b2k1r/ppp1n1p1/6p1/b3N3/4q3/1QP5/P4PPP/R4RK1 w - - 0 17,h7g6 b3f7,1004,81,100,39,mate mateIn1 middlegame oneMove,https://lichess.org/ZXJSBbEG/black#32,Scotch_Game Scotch_Game_Scotch_Gambit,"(1000, 1100]"
DjQD2,7Q/p1ppq2p/1p1b2pk/8/3Nn3/2N5/PPP2PPP/4RK2 b - - 1 16,a1e1 e4d2 f1g1 e7e1,1004,75,100,285,deflection discoveredAttack mate mateIn2 middlegame short,https://lichess.org/PvGfaISZ#31,Italian_Game Italian_Game_Other_variations,"(1000, 1100]"
03Xkm,4rk2/4p3/4QPp1/2pP2N1/qp2P3/1p6/8/1K1R3R b - - 2 34,a1b1 a4a2 b1c1 a2c2,1101,78,100,84,endgame mate mateIn2 short,https://lichess.org/UimASA3v#67,,"(1100, 1200]"
0KG2p,r3r1k1/p4ppp/1qp2n2/3p4/6b1/PBNP4/1PP2QPP/R1B1R1K1 b - - 0 14,d2f2 e8e1,1101,75,100,269,kingsideAttack mate mateIn1 middlegame oneMove pin,https://lichess.org/U5a08xHt#27,Russian_Game Russian_Game_Italian_Variation,"(1100, 1200]"
0LnE4,r2r2k1/1p1b2Pp/pqnP4/5p2/1P3p2/P4N2/1B3PP1/R3KB1R w KQ - 0 22,e5f4 f1c4 d7e6 c4e6,1101,75,100,2671,kingsideAttack mate mateIn2 middlegame short,https://lichess.org/ilGnRCTp/black#42,,"(1100, 1200]"
3Z30v,r4rk1/p4pp1/1p3n1p/3ppN2/8/1R1P2Q1/P2q1PPP/4R1K1 w - - 2 21,c2d2 g3g7,1101,75,100,287,kingsideAttack mate mateIn1 middlegame oneMove,https://lichess.org/O9eyJ12a/black#40,,"(1100, 1200]"
4nfYN,Q4n1k/p4pp1/8/6N1/q1P5/4p1P1/1P3rP1/6K1 w - - 0 31,g8h8 a8f8,1101,83,100,70,endgame hangingPiece mate mateIn1 oneMove,https://lichess.org/m6iPwcdD/black#60,,"(1100, 1200]"
59glO,r1bqN2k/3n1Q1r/pp5p/2pP2p1/P1P1P3/2N5/1P4PP/5RK1 w - - 0 23,g7g5 f7f8 d7f8 f1f8,1101,75,100,347,kingsideAttack mate mateIn2 middlegame sacrifice short,https://lichess.org/Yeg124hW/black#44,,"(1100, 1200]"
6FGhj,rn1qkb1r/1b1p4/1p1Pp2p/p3N1p1/1p2n3/6B1/P1P2PPP/RN1QKB1R w KQkq - 2 13,f6e4 d1h5,1101,75,100,225,mate mateIn1 middlegame oneMove,https://lichess.org/ydVX9MyA/black#24,Zukertort_Opening Zukertort_Opening_Sicilian_Invitation,"(1100, 1200]"
70brM,2r3r1/2q2pk1/p2ppR2/2p1P2Q/8/8/PPP3PP/6K1 w - - 8 27,h7g7 h5h6,1101,75,100,194,endgame mate mateIn1 oneMove,https://lichess.org/HdGbFCHG/black#52,,"(1100, 1200]"
7U0nk,1q3rk1/3n4/4p2p/2p3pP/1pPbQ1P1/1P1P4/6KN/R3R3 b - - 3 34,f3e4 f8f2 g2h3 b8h2,1101,77,100,62,mate mateIn2 middlegame short,https://lichess.org/NOzAdTLR#67,,"(1100, 1200]"
9VVZb,r2q1rk1/p1pb1ppp/4pn2/1p4N1/2p1N3/8/PPQ1KPPP/2b2B1R w - - 0 18,f4c1 e4f6 g7f6 c2h7,1101,76,100,1530,discoveredAttack kingsideAttack mate mateIn2 middlegame short,https://lichess.org/J2xaAQpm/black#34,Queens_Gambit_Accepted Queens_Gambit_Accepted_Central_Variation,"(1100, 1200]"
9dOH1,1r3rk1/2b3pp/p7/1p3P1q/3pQ1P1/8/PPPB3P/4RRK1 b - - 0 28,g3g4 h5h2,1101,76,100,113,kingsideAttack mate mateIn1 middlegame oneMove,https://lichess.org/Hd2uNrXw#55,,"(1100, 1200]"
AjSNI,5rk1/3R1p2/4p1p1/4P1K1/3P2RP/8/8/5r2 b - - 6 37,f4g5 f1f5 g5h6 f5h5,1101,81,100,42,endgame mate mateIn2 rookEndgame short,https://lichess.org/fts1Am8Z#73,,"(1100, 1200]"
C39CO,1r5r/2R3b1/1p3kp1/p3p3/P2pBp2/3P2Pb/1P1BPP1q/1RQ1K3 b - - 10 36,f1e1 h2g1,1101,75,100,104,mate mateIn1 middlegame oneMove,https://lichess.org/TmPxKX8h#71,,"(1100, 1200]"
Ck8eN,r3r1k1/pR3ppp/2pb4/q2p3Q/8/3b2P1/2PN2P1/1R5K w - - 0 23,f5d3 h5f7 g8h8 f7g7,1101,75,100,197,kingsideAttack mate mateIn2 middlegame short,https://lichess.org/EfuqAuRc/black#44,,"(1100, 1200]"
DZY6B,r5k1/pp3ppp/2nb4/2pp4/5Pnq/2PP4/PPB3R1/RNB1Q1K1 b - - 0 18,d2e1 h4e1,1101,75,100,166,hangingPiece kingsideAttack mate mateIn1 middlegame oneMove,https://lichess.org/rgSh9Rox#35,Sicilian_Defense Sicilian_Defense_Bowdler_Attack,"(1100, 1200]"
Drvqw,6kr/4p3/3q1Bp1/1p1n4/2p5/5Q2/rPB3PP/1R3R1K b - - 0 26,g5f6 d6h2,1101,76,100,811,mate mateIn1 middlegame oneMove,https://lichess.org/Du7y9qjI#51,,"(1100, 1200]"
EXwL3,6kr/p2nQ3/1n2P1p1/3q4/1p1P2p1/6R1/PPP5/1K3R1r w - - 1 26,h4h1 e7f7,1101,75,100,656,mate mateIn1 middlegame oneMove,https://lichess.org/9Wd2yKCV/black#50,,"(1100, 1200]"
FXAim,7k/p2QP1p1/2p3Kp/1pPp4/3P4/5q2/PP5P/8 b - - 9 32,h5g6 f3f6 g6h5 f6g5,1101,76,100,80,endgame mate mateIn2 queenEndgame short,https://lichess.org/vGrrx5ee#63,,"(1100, 1200]"
GXBle,6k1/pp3ppp/2p5/8/2q2P2/6P1/1P4P1/3Rr1NK w - - 0 25,e8e1 d1d8 e1e8 d8e8,1101,77,100,427,backRankMate endgame mate mateIn2 short,https://lichess.org/sLWptQS2/black#48,,"(1100, 1200]"
0hmdd,r1k5/pppr1p2/1bb3q1/4p3/1P5Q/P5PP/2P2P2/3R2K1 w - - 1 29,e7d7 h4h8 g6g8 h8g8 d7d8 d1d8,1102,104,100,38,long mate mateIn3 middlegame queensideAttack,https://lichess.org/NtfTcPAT/black#56,,"(1100, 1200]"
0sIai,4r2k/ppb4p/6p1/n2p4/3P1qQ1/2P2P1P/P6P/R5RK b - - 1 25,g2g4 f4h2,1102,75,100,753,kingsideAttack mate mateIn1 middlegame oneMove,https://lichess.org/4EjSDIz2#49,,"(1100, 1200]"
14sBy,8/1p2Q3/3P2pk/2P5/7p/N7/KP1q4/3n4 b - - 1 41,e5e7 d2b2,1102,76,100,391,endgame mate mateIn1 oneMove,https://lichess.org/laKJhYHW#81,,"(1100, 1200]"
1UaA4,2kr3r/2ppqp2/pp5p/8/1P3p2/P2P1Q1P/2P3PN/b4R1K w - - 0 19,d4a1 f3a8,1102,75,100,850,mate mateIn1 middlegame oneMove,https://lichess.org/ysvLvyLA/black#36,Three_Knights_Opening Three_Knights_Opening_Other_variations,"(1100, 1200]"
1omCa,4rk2/1R4R1/3p4/2bP4/1p2B3/2p3PP/r7/5K2 w - - 3 46,g8f8 b7f7,1102,76,100,341,endgame mate mateIn1 oneMove,https://lichess.org/PAIxeMjg/black#90,,"(1100, 1200]"
3cyJN,2r1k2r/1bq2ppp/p2ppb2/2n5/4PPP1/1P1BQ3/1PP1N2P/1NKRR3 b k - 0 18,a2b3 c5b3,1102,79,100,83,mate mateIn1 middlegame oneMove pin queensideAttack,https://lichess.org/0hVbttql#35,Sicilian_Defense Sicilian_Defense_Najdorf_Variation,"(1100, 1200]"
5akGU,r4r2/pp3pkp/6p1/2NPp3/6n1/1P3PPq/P4P1P/R2QR1K1 b - - 0 17,e2f3 h3h2 g1f1 h2f2,1102,75,100,246,kingsideAttack mate mateIn2 middlegame short,https://lichess.org/fOrPJCBM#33,Kings_Indian_Attack Kings_Indian_Attack_Symmetrical_Defense,"(1100, 1200]"
6MPd1,2kr1b2/ppp2p2/5n2/3p4/1nQPPBp1/2N3P1/PPP5/2KR1B1q w - - 0 17,d6d5 c4c7,1102,75,100,238,mate mateIn1 middlegame oneMove queensideAttack,https://lichess.org/kzPogod1/black#32,Kings_Gambit_Accepted Kings_Gambit_Accepted_Kieseritzky_Gambit,"(1100, 1200]"
6jWIp,r2b2rk/pp3ppp/1q1p1n1B/3PpN2/4P3/6Q1/PP3PPP/2R2RK1 w - - 6 20,f8g8 h6g7 g8g7 g3g7,1102,76,100,290,kingsideAttack mate mateIn2 middlegame short,https://lichess.org/pvaIkdTY/black#38,,"(1100, 1200]"
BRm0Y,5rk1/pp4pp/5n2/3P4/2Q4P/5bPq/PP3P2/R3RBK1 b - - 4 26,d3f1 h3h1,1102,101,100,49,mate mateIn1 middlegame oneMove,https://lichess.org/dGfGxz98#51,,"(1100, 1200]"
Bj5Jp,6k1/r5p1/4p1Rp/8/4P2P/6R1/1r4P1/5K2 b - - 8 32,g4g6 a7a1,1102,79,100,62,endgame mate mateIn1 oneMove rookEndgame,https://lichess.org/Mjox8oAI#63,,"(1100, 1200]"
D4bpQ,1k1r2r1/pB5p/8/2b5/4Q3/3P3b/PPP3PP/RNq2R1K b - - 2 21,f2f1 c1f1,1102,75,100,449,hangingPiece kingsideAttack mate mateIn1 middlegame oneMove,https://lichess.org/DPrfjXlc#41,,"(1100, 1200]"
D7CdN,3k3r/p1p1r1p1/n1pq3p/3P1B2/P7/1Q5P/5PP1/1R4K1 w - - 0 30,b7c6 b3b8 a6b8 b1b8,1102,89,100,38,mate mateIn2 middlegame sacrifice short,https://lichess.org/g3X1k8dz/black#58,,"(1100, 1200]"
DWzdx,r1bq1b1r/pp1n2pp/2k2n2/1Npp4/5P2/7Q/PPPP2PP/R1B1KB1R w KQ - 8 11,d6c6 h3e6 f8d6 e6d6,1102,76,100,248,mate mateIn2 opening short,https://lichess.org/ZVEnVsoK/black#20,Sicilian_Defense Sicilian_Defense_McDonnell_Attack,"(1100, 1200]"
G6ZBG,3r1rk1/1n3ppp/p1q2b2/1p1n4/PP2Q3/2P2b2/1BBN1PPP/R4RK1 w - - 0 20,g4f3 e4h7,1102,77,100,161,kingsideAttack mate mateIn1 middlegame oneMove,https://lichess.org/NbuypZ3i/black#38,,"(1100, 1200]"
GyCeJ,4P3/8/p1p5/1p6/1P1P4/P5p1/5k1p/7K b - - 0 63,e7e8q g3g2 h1h2 g2g1q h2h3 g1g3,1102,76,100,349,advancedPawn endgame exposedKing long mate mateIn3 promotion queenEndgame,https://lichess.org/Nfg3Sgoz#125,,"(1100, 1200]"
Ie1cp,1k6/ppp5/5q2/2P2ppp/5b2/1Q3b1P/PP3PP1/3B2K1 w - - 0 23,g4f3 b3g8 f6d8 g8d8,1102,75,100,485,endgame mate mateIn2 queensideAttack short,https://lichess.org/uQt8fX0c/black#44,,"(1100, 1200]"
17MME,5rk1/7p/3pN1p1/1P1P4/2P2p2/4pn1b/5qPP/Q1R4K w - - 0 37,d2f3 a1g7,1103,75,100,774,mate mateIn1 middlegame oneMove,https://lichess.org/ld40hwnt/black#72,,"(1100, 1200]"
2I0Zm,r3rk2/ppbb1p1B/2pq1ppp/3n4/3P4/2P1BN1P/PP1Q1PP1/R3RK2 w - - 0 18,g7g6 e3h6,1103,155,100,12,mate mateIn1 middlegame oneMove,https://lichess.org/UhjbryH5/black#34,Caro-Kann_Defense Caro-Kann_Defense_Forgacs_Variation,"(1100, 1200]"
4JuPh,8/p4p2/1p4pk/1P2Q2p/P1P2K2/8/6q1/8 w - - 2 41,g7h6 e5h8,1103,85,100,37,endgame mate mateIn1 oneMove queenEndgame,https://lichess.org/vJVjLs6Z/black#80,,"(1100, 1200]"
56sCZ,4r1k1/p4p2/1p4r1/5R2/2P3P1/3P1Q1p/PP3P1P/4q1RK b - - 4 31,f1g1 e1g1 h1g1 e8e1,1103,76,100,75,attraction endgame mate mateIn2 sacrifice short,https://lichess.org/cFzfvnvJ#61,,"(1100, 1200]"
5Fuib,3r2k1/p4p2/1p3bp1/4p1N1/3qB2Q/7P/PPP3P1/7K w - - 0 24,g7f6 h4h7 g8f8 h7f7,1103,79,100,45,endgame mate mateIn2 short,https://lichess.org/QQ9jJFeH/black#46,,"(1100, 1200]"
64WZX,6k1/p6p/1p1p2p1/3Pbq2/4Nn2/4Q1PP/PP3P1K/3R4 b - - 3 30,f1d1 f5h3 h2g1 h3g2,1103,92,100,24,endgame mate mateIn2 short,https://lichess.org/mT1bO870#59,,"(1100, 1200]"
6KAwo,3P4/8/5p1p/8/4P1PP/pp6/2k5/K7 b - - 0 47,d7d8q b3b2 a1a2 b2b1q a2a3 b1b3,1103,76,100,175,advancedPawn endgame exposedKing long mate mateIn3 promotion queenEndgame,https://lichess.org/sDgPO8XI#93,,"(1100, 1200]"
7CN6N,r6k/pp4pp/1nprpP2/8/6Q1/8/PqP3PP/R4R1K w - - 0 21,d8d6 g4g7,1103,77,100,161,kingsideAttack mate mateIn1 middlegame oneMove,https://lichess.org/Xq6zC9v2/black#40,,"(1100, 1200]"
8fPju,r1bqk2r/ppp2ppp/2p5/8/4n3/3B4/PPPP2PP/RNBQ2KR b kq - 1 8,b5d3 d8d4 g1f1 d4f2,1103,76,100,2291,kingsideAttack mate mateIn2 opening short,https://lichess.org/iDFYCryR#15,Ruy_Lopez Ruy_Lopez_Classical_Variation,"(1100, 1200]"
9ForF,r2qrk2/6pQ/p3p3/4P1N1/1n3P1P/8/1P1p1P2/RB1K3b w - - 5 28,g8f8 h7h8 f8e7 h8g7,1103,76,100,434,deflection mate mateIn2 middlegame short,https://lichess.org/2MXeU8qR/black#54,,"(1100, 1200]"
GeGss,8/5p1k/8/pP1P4/P1P2pR1/3P3r/5QK1/2q5 b - - 3 39,g1g2 c1h1,1103,90,100,26,endgame mate mateIn1 oneMove,https://lichess.org/HIJTaa4W#77,,"(1100, 1200]"
HggJo,r1bqkb1r/pp1pnp1p/4p1p1/1B1N4/2PpP3/3P4/PP1B1PPP/R2QK2R w KQkq - 2 10,a5d8 d5f6,1103,75,100,351,mate mateIn1 oneMove opening smotheredMate,https://lichess.org/8YPFdEqe/black#18,Sicilian_Defense Sicilian_Defense_Nyezhmetdinov-Rossolimo_Attack,"(1100, 1200]"
0CdS1,r4bk1/pR1Q1p1p/3p1Pp1/2pP2r1/P1P1p3/7P/4q1P1/5R1K w - - 0 30,e3e2 d7f7 g8h8 f7h7,1104,74,100,530,kingsideAttack mate mateIn2 middlegame short,https://lichess.org/2mlNZfgp/black#58,,"(1100, 1200]"
1U0nd,rn2k2r/pp3p2/2pb4/3p2p1/3Pp1q1/4P2p/PPP2P2/RNBQ1RNK b kq - 1 18,d2d1 g4g2,1104,75,100,615,mate mateIn1 middlegame oneMove,https://lichess.org/RRbVXb07#35,Hungarian_Opening Hungarian_Opening_Slav_Formation,"(1100, 1200]"
2SD3V,r3r1k1/5p1p/p1N3p1/R2Pp3/4P3/3nqP2/1RQ3PP/5K2 b - - 0 32,b1b2 e3e1,1104,77,100,657,mate mateIn1 middlegame oneMove,https://lichess.org/cSSxWy9T#63,,"(1100, 1200]"
5Vkpm,r3r1k1/pp3pp1/1q3b1p/3p4/3P4/1b1Q4/PPB2PPP/R3R1K1 w - - 0 18,a4b3 d3h7 g8f8 h7h8,1104,75,100,293,kingsideAttack mate mateIn2 middlegame short,https://lichess.org/eLZUOZdA/black#34,Sicilian_Defense Sicilian_Defense_Delayed_Alapin_Variation,"(1100, 1200]"
6RkwB,3r4/ppk2p2/2P2b2/6r1/8/1P3BP1/P1K1RP2/3R4 b - - 0 35,d5c6 g5c5 c2b1 d8d1,1104,75,100,91,deflection endgame mate mateIn2 short,https://lichess.org/MyLyDzA9#69,,"(1100, 1200]"
70SWN,8/1b2kp2/4pNp1/4P3/1p1R1PQ1/7P/6PK/1qr5 b - - 0 40,d3d4 c1h1 h2g3 b1e1,1104,75,100,113,endgame mate mateIn2 short,https://lichess.org/Dg9FV50E#79,,"(1100, 1200]"
8Pm8I,rnb2rk1/pp2Q2p/3p2p1/2pP4/q1P5/8/P2N1PP1/b3KB1R w K - 0 16,g7a1 e7h7,1104,77,100,229,kingsideAttack mate mateIn1 middlegame oneMove,https://lichess.org/v2fAbvK1/black#30,Benoni_Defense Benoni_Defense_Hromadka_System,"(1100, 1200]"
ApWL7,1r5k/pp1Q2pp/2n1Nr2/8/2B1pn1q/7P/PPP2P2/2KR3R w - - 2 22,c8b8 d7g7,1104,75,100,154,kingsideAttack mate mateIn1 middlegame oneMove,https://lichess.org/m2aMkBY8/black#42,,"(1100, 1200]"
C9a4o,2k4r/1p4p1/p1n1p1Q1/5p2/5b2/2PPq2P/PP4B1/4RR1K b - - 1 24,a1e1 h8h3 g2h3 e3h3 h1g1 h3h2,1104,75,100,276,exposedKing kingsideAttack long mate mateIn3 middlegame,https://lichess.org/kXuYHHJx#47,,"(1100, 1200]"
Cy5i0,r5k1/1bp3pp/p3p3/1p1p2q1/3Pn3/2P2QP1/P1r4P/RN3RK1 w - - 0 22,b2c2 f3f7 g8h8 f7f8 a8f8 f1f8,1104,75,100,418,backRankMate long mate mateIn3 middlegame sacrifice,https://lichess.org/cTbVwbUI/black#42,,"(1100, 1200]"
GiBfc,5rk1/5pp1/7p/3Q4/3p1q2/3P1R2/PPr3PP/R6K b - - 1 25,g3f3 c2c1 a1c1 f4c1 f3f1 c1f1,1104,75,100,255,endgame long mate mateIn3,https://lichess.org/03THQmll#49,,"(1100, 1200]"
GvS18,R7/1P6/P5p1/8/6pk/1r2P3/6PK/8 b - - 1 50,a7a8 g4g3 h2g1 b3b1,1104,76,100,405,endgame mate mateIn2 rookEndgame short,https://lichess.org/dIktRY2N#99,,"(1100, 1200]"
HCXtT,1r6/2pq1ppk/8/p1p2P1P/P1PbP3/1R1P1N2/K1Q5/5R2 b - - 0 33,b1b3 d7a4 b3a3 a4c2,1104,76,100,1212,mate mateIn2 middlegame short,https://lichess.org/b2Re9p4F#65,,"(1100, 1200]"
12WKy,8/5pk1/6p1/8/5PKP/1r6/R7/8 b - - 0 49,a7a2 f7f5 g4g5 b3g3,1105,74,100,153,endgame mate mateIn2 rookEndgame short,https://lichess.org/FoIlzpwa#97,,"(1100, 1200]"
1mR5Q,2k2r2/p4qpp/4p3/2ppQ3/3p4/1N6/PPP3PP/4R1K1 b - - 0 21,e2e5 f7f2 g1h1 f2f1 e1f1 f8f1,1105,76,100,59,backRankMate endgame long mate mateIn3 sacrifice,https://lichess.org/6mH4goUo#41,,"(1100, 1200]"
1vhWW,2r3k1/2q3pn/7p/p2p4/Pn1Q2PP/1N1N4/5P2/1K1R3R b - - 0 30,d2b3 c7c2 b1a1 c2a2,1105,75,100,162,fork mate mateIn2 middlegame short,https://lichess.org/IFraNZZa#59,,"(1100, 1200]"
3FEzU,q4rk1/pbrn1Nbp/4p3/3nP1Np/3p4/3B4/P1PB2PP/R4RK1 w - - 0 19,g6h5 d3h7,1105,75,100,237,kingsideAttack mate mateIn1 middlegame oneMove,https://lichess.org/CxOVix90/black#36,Modern_Defense Modern_Defense_Pseudo-Austrian_Attack,"(1100, 1200]"
3yKUc,3q1k2/8/4P1Qp/1p4p1/1R6/6PK/7P/2q5 w - - 2 51,g8f8 g6f7,1105,75,100,63,endgame mate mateIn1 oneMove,https://lichess.org/UxNzrcp8/black#100,,"(1100, 1200]"
6Ss3k,5rk1/pp1bppbp/3p1np1/4n3/3NP2P/1Bq1BP2/P1PQ2P1/2KR3R b - - 1 15,e2d2 c3a1,1105,76,100,737,mate mateIn1 middlegame oneMove,https://lichess.org/3WBylrzO#29,Sicilian_Defense Sicilian_Defense_Dragon_Variation,"(1100, 1200]"
7WTvl,r2qr1k1/pp6/6B1/8/6P1/2b5/P2N2P1/2K4Q w - - 0 25,g7c3 h1h7 g8f8 h7f7,1105,77,100,65,mate mateIn2 middlegame short,https://lichess.org/IvWBhcr0/black#48,,"(1100, 1200]"
7s2Fk,2kr3r/2pb4/pnnqp2b/2N2p2/3P4/P4N2/1P2QP1P/1K1R2R1 w - - 0 23,b7a6 e2a6 c8b8 a6b7,1105,75,100,122,mate mateIn2 middlegame queensideAttack short,https://lichess.org/N9q1ek5D/black#44,,"(1100, 1200]"
94fj7,2kr3r/ppq2pp1/2p1pnp1/2BP4/3P4/3B4/PP3PPP/R2Q1RK1 b - - 0 16,c4d5 c7h2,1105,77,100,415,kingsideAttack mate mateIn1 middlegame oneMove,https://lichess.org/DUylvnv4#31,Scandinavian_Defense Scandinavian_Defense_Main_Line,"(1100, 1200]"
AdTqx,rn2rk2/pp3p1Q/3p2p1/6q1/4Rb2/3B4/bp4PP/1R4K1 w - - 0 22,e5f4 h7h8,1105,75,100,920,mate mateIn1 middlegame oneMove,https://lichess.org/xVwVRg4j/black#42,,"(1100, 1200]"
B9H98,r3r3/pp3p1p/1np5/3kB3/3Pb3/6PB/P2P3P/2R1R1K1 w - - 16 22,c2e4 c1c5,1105,78,100,228,mate mateIn1 middlegame oneMove,https://lichess.org/kCxeAaT1/black#42,,"(1100, 1200]"
DryaB,rn2k2N/ppp1b2p/5n2/8/3qp1b1/4Q3/PPP2PPP/RNB1KB1R b KQq - 1 11,g3e3 d4d1,1105,96,100,35,mate mateIn1 middlegame oneMove,https://lichess.org/wq5vJZBt#21,Latvian_Gambit Latvian_Gambit_Other_variations,"(1100, 1200]"
DuUDF,1q1k4/p5Q1/5R2/2p1n2p/3bP1b1/3P4/P5P1/7K w - - 5 33,e7d8 f6f8,1105,75,100,923,endgame master mate mateIn1 oneMove,https://lichess.org/b9w5fZ6N/black#64,,"(1100, 1200]"
FapcW,r1B5/4R1bk/p1p3p1/5pBp/P7/1QPq2P1/7P/RN5K b - - 0 25,e6c8 d3f1,1105,75,100,274,mate mateIn1 middlegame oneMove,https://lichess.org/n2PNpuyV#49,,"(1100, 1200]"
Gjtmm,rnb2rk1/pp2qppp/2p5/7Q/2P1Nn2/3B1N2/PP3PPP/2KR3R w - - 4 15,e6f4 e4f6 g7f6 h5h7,1105,75,100,173,kingsideAttack mate mateIn2 middlegame sacrifice short,https://lichess.org/ZvHQMKb9/black#28,Russian_Game Russian_Game_Modern_Attack,"(1100, 1200]"
H4XMS,8/8/4Pk1K/p1P2P2/1p4r1/4R3/6P1/8 b - - 4 49,b3e3 g4h4,1105,75,100,1239,endgame mate mateIn1 oneMove rookEndgame,https://lichess.org/tDUYnI5O#97,,"(1100, 1200]"
HLfVW,r1bq1rk1/bp1p1ppp/p3p3/4n1N1/2B1N3/3Q4/PP3PPP/R4RK1 w - - 0 14,g6e5 e4f6 g7f6 d3h7,1105,75,100,120,discoveredAttack kingsideAttack mate mateIn2 middlegame sacrifice short,https://lichess.org/ouex2shv/black#26,Sicilian_Defense Sicilian_Defense_Smith-Morra_Gambit_Accepted,"(1100, 1200]"
19Yuh,8/pp3R1p/2k5/2P5/5N2/P2b1nP1/4r2P/3R3K b - - 10 34,g1h1 e2h2,1106,75,100,576,arabianMate endgame mate mateIn1 oneMove,https://lichess.org/HbUyVwXq#67,,"(1100, 1200]"
2NuAW,2kr2nr/Qpp2pp1/2p1b3/6qp/4P3/2N5/PPP3PP/R3KB1R b KQ - 0 12,f2a7 g5d2,1106,77,100,134,mate mateIn1 middlegame oneMove,https://lichess.org/rDcKR0ig#23,Scotch_Game Scotch_Game_Classical_Variation,"(1100, 1200]"
2Ty4Q,r5k1/1b1n2pp/1p1p2n1/qPpPp3/1RP1Pp2/2QB1P2/4NBPP/1KR5 b - - 0 23,b2b4 a5a2,1106,74,100,257,mate mateIn1 middlegame oneMove,https://lichess.org/ZOfCVEoW#45,,"(1100, 1200]"
3B3if,6r1/ppq2p1k/1np1p2p/5b1N/3P1P2/1BP2K2/PP6/6Q1 w - - 1 32,d8g8 h5f6 h7h8 g1g8,1106,78,100,219,fork mate mateIn2 middlegame short,https://lichess.org/m8qLCdzg/black#62,,"(1100, 1200]"
4KsWB,r1b1k3/pp1p1nbp/4p1p1/2P2p2/2P2N2/1Pq2N2/n1Q1PPPP/1K1R1B1R b q - 1 16,e4c2 c3a1,1106,75,100,183,mate mateIn1 middlegame oneMove,https://lichess.org/3U6ZNirg#31,English_Opening English_Opening_Symmetrical_Variation,"(1100, 1200]"
6QPbF,3B2k1/pp4pp/4p3/2p4r/3nNq2/6Q1/PPP2PP1/R4RK1 b - - 4 22,d3g3 d4e2,1106,74,100,755,mate mateIn1 middlegame oneMove,https://lichess.org/iloQCRGN#43,,"(1100, 1200]"
6rgUz,r1bq1r2/pp3pk1/3p4/3PpPbQ/2PpB3/3P2P1/PP6/R4RK1 w - - 0 19,f6g5 f5f6 g5f6 h5h7,1106,74,100,275,mate mateIn2 middlegame short,https://lichess.org/P1UV197K/black#36,English_Opening English_Opening_Symmetrical_Variation,"(1100, 1200]"
8Q1CJ,r1b1kb1N/ppp3pp/1q6/3Q4/PPn1nP2/2P5/6PP/RNB1RK2 b q - 2 16,g1f1 b6f2,1106,76,100,160,mate mateIn1 middlegame oneMove,https://lichess.org/K4n9PrJA#31,Italian_Game Italian_Game_Paris_Defense,"(1100, 1200]"
8vJ2Z,3qrr2/5pk1/4p1p1/6Rp/p2n3P/P5R1/5PP1/1Q4K1 w - - 0 35,b3d4 g5g6 f7g6 b1g6 g7h8 g6h5,1106,87,100,26,long mate mateIn3 middlegame sacrifice,https://lichess.org/wVizj2Zf/black#68,,"(1100, 1200]"
92vTw,4r1r1/5p1k/p4Q2/5pPp/8/8/qP4PP/3R3K w - - 0 30,g6f5 f6h6,1106,105,100,30,endgame mate mateIn1 oneMove,https://lichess.org/D6MV9Fjn/black#58,,"(1100, 1200]"
AJyd3,r6r/1b2qp1k/p4p1p/4p3/3p4/7R/PPPQ1PPP/RN4K1 w - - 2 21,f8h8 d2h6 h7g8 h6h8,1106,77,100,154,mate mateIn2 middlegame short,https://lichess.org/qxkhk3Sd/black#40,,"(1100, 1200]"
BRSq5,7k/3R2pp/r2p4/p1p5/2BbP3/3P1r2/P1P3KP/8 w - - 0 25,f8f3 d7d8 f3f8 d8f8,1106,76,100,78,backRankMate endgame mate mateIn2 short,https://lichess.org/qN0ScnFc/black#48,,"(1100, 1200]"
CQ9T8,2r3k1/1b3ppp/p1q2n2/1p6/3p4/P2BP2P/1P1QNPP1/2R3K1 b - - 1 23,c3e2 c6g2,1106,75,100,243,kingsideAttack mate mateIn1 middlegame oneMove,https://lichess.org/BZUKWzIc#45,,"(1100, 1200]"
DjVf5,5rk1/p6p/1pQ1p1p1/2p1P3/8/8/PPPq2PP/R5K1 b - - 1 23,e4c6 d2f2 g1h1 f2f1 a1f1 f8f1,1106,75,100,94,backRankMate endgame long mate mateIn3 sacrifice,https://lichess.org/I9mESvZh#45,,"(1100, 1200]"
E3qQY,2k4r/8/p2p1np1/P1pP4/2P1p1P1/6R1/1Q3PKN/1R5r b - - 0 35,f1h2 h8h2,1106,75,100,443,mate mateIn1 middlegame oneMove,https://lichess.org/GEtJdJBA#69,,"(1100, 1200]"
HYixJ,2q5/4kpp1/6p1/3BP1P1/2Q2P1K/6P1/8/8 b - - 0 40,c3c4 c8h8 h4g4 h8h5,1106,81,100,41,endgame mate mateIn2 short,https://lichess.org/fKKBIrsW#79,,"(1100, 1200]"
HuA2k,r1b2bkr/pp2pqp1/1nnpP2p/6N1/3P4/8/PP3PPP/RNB1K2R w KQ - 0 13,e8f7 e6f7,1106,75,100,299,advancedPawn kingsideAttack mate mateIn1 oneMove opening,https://lichess.org/x5Ue9o19/black#24,Sicilian_Defense Sicilian_Defense_Alapin_Variation,"(1100, 1200]"
0aAvo,2kr4/1p3P1p/p3p3/2b5/P2q4/3P1RpP/1P2Q1P1/RN3K2 b - - 2 24,d1e2 d4g1,1107,76,100,212,mate mateIn1 middlegame oneMove,https://lichess.org/Kpqrv9G6#47,,"(1100, 1200]"
1MCeC,k3r3/pp2r3/2n2Q2/2Np4/1P1P3B/2P2NbP/P4qP1/R6K b - - 0 30,g5h4 e7e1 f3e1 e8e1 a1e1 f2e1 f6f1 e1f1,1107,77,100,142,kingsideAttack mate mateIn4 middlegame sacrifice veryLong,https://lichess.org/sQi9CGBK#59,,"(1100, 1200]"
2LGEJ,5k2/p4p2/1bQ4p/8/5Pp1/1P4P1/3r3P/7K b - - 3 32,g2h1 d2d1 h1g2 d1g1,1107,75,100,132,endgame mate mateIn2 short,https://lichess.org/mCb58Vjt#63,,"(1100, 1200]"
2XffT,rn2k3/1b1pnNpr/ppq1p3/2p1P2p/P1B5/2N5/1PP3PP/R1BQ1RK1 b q - 0 14,e4e5 c6g2,1107,103,100,50,kingsideAttack mate mateIn1 middlegame oneMove,https://lichess.org/hRB82g2r#27,Sicilian_Defense Sicilian_Defense_Closed,"(1100, 1200]"
2n34L,7k/p5p1/1p5p/6n1/P7/3Q3P/1PB2qP1/7K w - - 4 37,f4f2 d3d8 f2f8 d8f8,1107,75,100,346,endgame mate mateIn2 short,https://lichess.org/ck0oAwie/black#72,,"(1100, 1200]"
02w7n,1k1r4/ppp3Qp/2q5/8/8/3P1P2/PPP1r1RP/2KR4 b - - 1 18,g1g2 c6c2,1201,85,100,81,endgame mate mateIn1 oneMove queensideAttack,https://lichess.org/q8hBvdMD#35,Hungarian_Opening Hungarian_Opening_Other_variations,"(1200, 1300]"
1qwld,r2qk1r1/pp1n2b1/3p1np1/2p1p1Np/2PP1BbP/4P3/PPQN1PP1/R3K2R w KQq - 0 12,f7g6 c2g6 e8e7 g6f7,1201,75,100,261,mate mateIn2 middlegame short,https://lichess.org/Wyso7dRU/black#22,Indian_Defense Indian_Defense_Other_variations,"(1200, 1300]"
33Q8O,r5k1/p4p1p/1p1B1Pp1/3p2Q1/8/3nPP2/Pp5P/1KR5 b - - 0 28,h1c1 b2c1q,1201,78,100,56,advancedPawn endgame mate mateIn1 oneMove promotion queensideAttack,https://lichess.org/LeJSc2rd#55,,"(1200, 1300]"
4E2AJ,r3k2r/pp1n1pp1/2pq4/8/4N1b1/3P1N1p/PPPQ1P2/R4RKB b kq - 0 19,c3e4 h3h2 f3h2 d6h2,1201,75,100,247,advancedPawn kingsideAttack mate mateIn2 middlegame short,https://lichess.org/5quiOqJ7#37,,"(1200, 1300]"
78Y1V,4B1k1/5p1p/4bKp1/8/2p5/6r1/p6r/3R4 w - - 0 43,c5c4 e8f7 e6f7 d1d8 f7e8 d8e8,1201,83,100,42,endgame long mate mateIn3 sacrifice,https://lichess.org/zYTAMxCx/black#84,,"(1200, 1300]"
AXFAA,R3Q3/4n2R/1p1pkr2/p3p3/4P3/1N2q3/PPP5/1K6 b - - 7 34,h1h7 f6f1 b3c1 e3c1,1201,75,100,749,mate mateIn2 middlegame short,https://lichess.org/5AMzutns#67,,"(1200, 1300]"
AYqHK,7r/4q1k1/1p4p1/2pp4/5PQ1/P5N1/1P4Pr/R1R3K1 b - - 0 29,f3g4 e7e3 g1f1 h2h1 g3h1 h8h1,1201,75,100,330,long mate mateIn3 middlegame sacrifice,https://lichess.org/59qp2yfb#57,,"(1200, 1300]"
BFLix,8/2R3pk/4p1p1/3bQ1Kp/3P3P/1p3q2/1P3P2/8 b - - 7 40,f4g5 f3g4,1201,75,100,537,endgame mate mateIn1 oneMove,https://lichess.org/6QTBVg4G#79,,"(1200, 1300]"
BH5cd,6k1/p4ppp/2p1p3/4q3/8/5P2/Pr1R2PP/1R5K w - - 0 30,b8b2 d2d8,1201,77,100,146,backRankMate endgame mate mateIn1 oneMove queenRookEndgame,https://lichess.org/zwqOiKUD/black#58,,"(1200, 1300]"
C1FNc,2kr3r/1pp1qppp/p3pb2/2N5/3n4/1Q3N2/PPP2PPP/2KR3R w - - 0 14,c6d4 b3b7,1201,74,100,378,mate mateIn1 middlegame oneMove queensideAttack,https://lichess.org/rKlX2THu/black#26,Queens_Pawn_Game Queens_Pawn_Game_Symmetrical_Variation,"(1200, 1300]"
H5irT,8/8/5p2/6pk/8/3Q3P/5qPK/8 w - - 2 44,g6h5 d3h7,1201,76,100,1123,endgame mate mateIn1 oneMove queenEndgame,https://lichess.org/XXGohUn2/black#86,,"(1200, 1300]"
54ufT,4qb2/4N2k/4Q2p/2p3p1/1pPp1p2/1P1P3P/5PP1/6K1 w - - 1 37,g7f8 e6g8,1202,74,100,335,endgame mate mateIn1 oneMove,https://lichess.org/RFvypAhS/black#72,,"(1200, 1300]"
0GK8V,5rk1/2p3P1/3p3p/3P1q2/6QR/6PK/7P/8 b - - 8 39,d4g4 f5f1,1203,82,100,61,endgame mate mateIn1 oneMove,https://lichess.org/LN9BfEbr#77,,"(1200, 1300]"
0MQyh,P1r5/5p2/4pk2/3pb1p1/3nb3/Q5Pp/2P2P1P/1R3RK1 b - - 0 29,a7a8q d4e2,1203,75,100,485,mate mateIn1 middlegame oneMove,https://lichess.org/VAz1YjbO#57,,"(1200, 1300]"
1WoX0,6k1/5p2/1R3p1K/5N2/5B2/3b3P/r3q3/6r1 w - - 12 45,c4d3 b6b8 e2e8 b8e8,1203,76,100,171,mate mateIn2 middlegame short,https://lichess.org/CVSMYddo/black#88,,"(1200, 1300]"
4zQlj,4r3/p4R2/1p1p2k1/2pP2p1/2P3b1/1P2r3/P2K1R2/8 w - - 0 38,c8g4 f2f6 g6h5 f7h7,1203,75,100,1386,endgame mate mateIn2 short,https://lichess.org/DVWzxm29/black#74,,"(1200, 1300]"
8A3iX,1r4k1/p1p2ppp/2pp1q2/5P2/Nr2P1P1/1P1B2Q1/K1P3P1/3R3R b - - 0 20,h3g4 b4a4 b3a4 f6b2,1203,75,100,2813,mate mateIn2 middlegame sacrifice short,https://lichess.org/EfRVzAYS#39,,"(1200, 1300]"
BVaBD,5kr1/p3p3/2p2b2/3p3Q/5N2/8/1q4PP/6RK w - - 5 40,f7f8 f4e6,1203,75,100,1212,endgame mate mateIn1 oneMove,https://lichess.org/x5HI5kyM/black#78,,"(1200, 1300]"
BfZI3,rn1qkb1r/p1p1pppp/1p3n2/4N3/2Q5/6P1/PP1PPPbP/RNB1K2R w KQkq - 0 8,c6g2 c4f7,1203,78,100,69,attackingF2F7 mate mateIn1 oneMove opening,https://lichess.org/NlLnBzlo/black#14,Kings_Indian_Attack Kings_Indian_Attack_Other_variations,"(1200, 1300]"
1S1fF,3R4/8/4p1pp/2n2k2/p1r2n2/1p3PK1/8/4R3 w - - 0 45,g7g6 d8f8 f5g5 e1e5,1204,75,100,476,endgame mate mateIn2 short,https://lichess.org/JA8AL5GL/black#88,,"(1200, 1300]"
8mgtL,6r1/p1pkp1q1/3p4/3P1p2/2nb1P2/1PN2Q2/P6P/1RB2R1K b - - 0 22,b2b3 g7g1 f1g1 g8g1,1204,75,100,1608,kingsideAttack mate mateIn2 middlegame sacrifice short,https://lichess.org/oSj8GYcU#43,,"(1200, 1300]"
Aw7jH,1r3rk1/pn2qpp1/1b5p/3R4/1P6/N1PQ4/P2P1PPP/R1B3K1 b - - 2 21,b1a3 e7e1 d3f1 b6f2 g1h1 e1f1,1204,75,100,1635,deflection kingsideAttack long mate mateIn3 middlegame,https://lichess.org/7kDbHRwZ#41,,"(1200, 1300]"
Bwh14,1k2r3/ppp5/1bp2p2/5B2/2PP1K1p/3Q1N1P/P4q2/5R2 b - - 1 28,a1f1 f2g3,1204,75,100,432,mate mateIn1 middlegame oneMove,https://lichess.org/NIU7MymB#55,,"(1200, 1300]"
0oJMS,r4rk1/pppqpp1p/3p2pb/3Pn3/2P1Pn1P/2N2PB1/PP2BP1K/R2Q3R b - - 4 14,f1h1 d7h3 h2g1 h3g2,1205,75,100,574,mate mateIn2 middlegame short,https://lichess.org/Qk1beH1v#27,Queens_Pawn_Game Queens_Pawn_Game_Modern_Defense,"(1200, 1300]"
2NAcQ,r1b2k2/pp3ppp/n7/2pP4/3P1q2/2K2Q2/PPP5/R4BNR b - - 1 15,d1f3 f4d4 c3b3 d4b4,1205,76,100,287,mate mateIn2 middlegame short,https://lichess.org/X3qT34gf#29,Vienna_Game Vienna_Game_Vienna_Gambit,"(1200, 1300]"
4wHDQ,8/1P6/6k1/8/1Q4K1/P5P1/8/5q2 b - - 4 55,h3g4 f1f5 g4h4 f5h5,1205,75,100,268,endgame mate mateIn2 queenEndgame short,https://lichess.org/UnLTH6qr#109,,"(1200, 1300]"
5mtv6,2r5/1RP3pk/5p1p/P7/2R1P2q/3p1Q2/4n1P1/5K2 b - - 5 44,f2f1 h4h1 f1f2 h1g1,1205,75,100,402,endgame mate mateIn2 short,https://lichess.org/mth3sQOR#87,,"(1200, 1300]"
BhsUU,1k1r3r/pp1q1p2/2P2n1p/4p1p1/2P1p3/4P3/PP3P1P/1QKB1RR1 b - - 0 21,d5c6 d7d2,1205,75,100,544,mate mateIn1 middlegame oneMove,https://lichess.org/ab9z1btY#41,,"(1200, 1300]"
BrP0v,2rq1rkn/1bpp2pp/p3pb2/1p1nN2P/3P1p2/P1P1P1B1/1PQN1PP1/1BR2RK1 w - - 0 19,f5f4 c2h7,1205,76,100,503,kingsideAttack mate mateIn1 oneMove opening,https://lichess.org/tPYXv8P5/black#36,Horwitz_Defense Horwitz_Defense_Other_variations,"(1200, 1300]"
C6uig,5Q2/2prB1p1/p1k4p/4p3/3n4/2q4P/6P1/1R4K1 w - - 12 34,b7c6 f8a8,1205,76,100,639,endgame mate mateIn1 oneMove,https://lichess.org/BUrxLvGm/black#66,,"(1200, 1300]"
Df2u7,2k2rnq/1pp5/p3P3/2bP2B1/6b1/2N3Pp/PP1Q1P2/3R1RK1 b - - 0 30,g2g3 h3h2 g1h1 g4f3,1205,75,100,291,advancedPawn kingsideAttack mate mateIn2 middlegame short,https://lichess.org/X6ERNiwv#59,,"(1200, 1300]"
1lPGe,1r6/p5pp/5pk1/4Q3/2P3P1/5PKP/P2q4/8 w - - 0 39,f7f6 e5h5,1206,75,100,868,endgame mate mateIn1 oneMove,https://lichess.org/OFPsnMLe/black#76,,"(1200, 1300]"
27ZfZ,4k3/p2R4/1p3R2/3N1P2/7p/6p1/2r4r/6K1 w - - 14 46,f8e8 d7e7 e8d8 f6f8,1206,96,100,26,endgame mate mateIn2 short,https://lichess.org/8GLOZcHr/black#90,,"(1200, 1300]"
5Rf5q,8/4Qpkp/6p1/PB6/1p1P4/4PnqP/1P4P1/5K2 b - - 4 37,g1f1 g3e1,1206,96,100,48,endgame mate mateIn1 oneMove,https://lichess.org/w3lqcdg9#73,,"(1200, 1300]"
6pzo6,8/2p1nk2/pp1bpp2/3p4/3P4/1NP1P1p1/PP1B3r/4RKN1 b - - 5 25,a1e1 h2f2,1206,75,100,1328,mate mateIn1 middlegame oneMove,https://lichess.org/bAsip1yz#49,,"(1200, 1300]"
8yPLI,k3N1n1/8/BRp1p3/4P3/3P3r/5bp1/1P6/6K1 w - - 0 38,g4g3 e8c7 a8a7 b6b7,1206,74,100,411,endgame mate mateIn2 short,https://lichess.org/8CInReXx/black#74,,"(1200, 1300]"
9e37n,5r1k/ppp2Q1P/3p1N1q/4p3/4P3/3P2bP/PP4P1/n6K w - - 2 22,a8f8 f7g8 f8g8 h7g8q,1206,75,100,533,advancedPawn endgame kingsideAttack mate mateIn2 promotion short,https://lichess.org/Ddfm4AzG/black#42,,"(1200, 1300]"
9qqba,8/R2n4/3k2p1/4p3/1N2Pn2/4BPK1/r7/5N2 b - - 0 46,c6b4 a2g2 g3h4 g6g5,1206,79,100,43,mate mateIn2 middlegame short,https://lichess.org/oMttE4jT#91,,"(1200, 1300]"
A8C2Z,1k3b2/1p6/PRR5/2P2pr1/3P3N/3q2P1/7K/8 w - - 0 43,f1d3 b6b7 b8a8 c6c8,1206,75,100,361,endgame mate mateIn2 short,https://lichess.org/39lJgoVm/black#84,,"(1200, 1300]"
AG5zx,2kr3r/ppp2p1p/4qp1b/3N4/4P3/8/PPQ2PPP/1K1R3R w - - 5 14,d7e6 c2c7,1206,75,100,340,mate mateIn1 middlegame oneMove queensideAttack,https://lichess.org/7SwwRnJ9/black#26,Scotch_Game Scotch_Game_Schmidt_Variation,"(1200, 1300]"
Ae0BX,6k1/1p4b1/2ppN1N1/p4P1Q/2P1r2P/1P6/P4qP1/7K w - - 0 32,d4f2 g6e7,1206,75,100,289,endgame mate mateIn1 oneMove,https://lichess.org/95rtxTKH/black#62,,"(1200, 1300]"
Dinov,rnb1kr2/pp1p1p1Q/4p2B/3nP3/8/8/PqPN1bPP/1R1K1BNR b q - 1 11,a1b1 d5c3,1206,84,100,42,mate mateIn1 oneMove opening,https://lichess.org/6ANP1HmU#21,French_Defense French_Defense_Mediterranean_Defense,"(1200, 1300]"
E8IKF,r3k1nr/ppp2pp1/3p3p/3P4/1QB1PB1n/2N4q/PP3P1P/R5RK b kq - 5 15,f1g1 h3f3 g1g2 f3g2,1206,75,100,463,fork mate mateIn2 middlegame short,https://lichess.org/A7z1lReO#29,Italian_Game Italian_Game_Classical_Variation,"(1200, 1300]"
Ed5vn,r4r2/pp3ppk/2p5/q2n2P1/1n1PN3/4Pb2/PP1B1P2/RQ2KB2 w Q - 0 18,g8h7 e4f6 h7h8 b1h7,1206,75,100,1338,doubleCheck mate mateIn2 middlegame short,https://lichess.org/aWp2AuKH/black#34,Queens_Gambit_Declined Queens_Gambit_Declined_Albin_Countergambit,"(1200, 1300]"
F7aMh,r1b1k2r/1ppp1pp1/p5n1/2bPp3/2P1P1Qq/2NB4/PP3PPN/R1B2RK1 b kq - 0 12,d1g4 h4h2,1206,76,100,736,kingsideAttack mate mateIn1 middlegame oneMove,https://lichess.org/7ZErDh0z#23,Nimzowitsch_Defense Nimzowitsch_Defense_Kennedy_Variation,"(1200, 1300]"
Gu5cz,r4r2/pp1n1p1k/1b3p1p/2pP1N2/6q1/2N5/PP1Q1PP1/R4RK1 w - - 0 19,c4g4 d2h6 h7g8 f5e7,1206,75,100,118,mate mateIn2 middlegame short,https://lichess.org/Trintzto/black#36,Reti_Opening Reti_Opening_Reti_Accepted,"(1200, 1300]"
HL9uf,2k2b1r/p4pp1/4Pnp1/qppr4/5Q2/4P1B1/PPP2PPP/2K4R w - - 0 18,d8d5 f4b8,1206,89,100,25,mate mateIn1 middlegame oneMove,https://lichess.org/aPaROgmW/black#34,Rapport-Jobava_System Rapport-Jobava_System_Other_variations,"(1200, 1300]"
1cdJK,5r2/Q3R2p/5qk1/8/2B1N3/3P2PP/P4PK1/nr6 b - - 6 27,g5e4 f6f3 g2h2 b1h1,1207,74,100,729,mate mateIn2 middlegame short,https://lichess.org/kgu0NQNk#53,,"(1200, 1300]"
3wJb1,2Q5/p4p1p/6pk/1Q3p2/3P1P1K/6P1/P2q1n1P/8 b - - 4 36,h3h4 g6g5 f4g5 d2g5,1207,75,100,837,endgame mate mateIn2 short xRayAttack,https://lichess.org/7pX8q7nl#71,,"(1200, 1300]"
5s90a,7r/pbpp2k1/6n1/2p1p3/5Pr1/1PQ2N1P/P1P5/R1B2R1K b - - 0 25,g2h3 h8h3,1207,76,100,141,kingsideAttack mate mateIn1 middlegame oneMove,https://lichess.org/8E1JUHc9#49,,"(1200, 1300]"
6T9BC,2r2rk1/1p3pp1/1q1p4/p1bnp1P1/2P3b1/P5B1/1PQR1P2/2K2B1R w - - 0 21,f6d5 c2h7,1207,75,100,779,mate mateIn1 middlegame oneMove,https://lichess.org/sDdaH1su/black#40,,"(1200, 1300]"
C8cJH,r2q1bkr/pp1np1p1/2p2n2/3p1QN1/3P3P/8/PPP5/RNB1K2R w KQ - 6 15,f7g8 f5e6,1207,76,100,475,mate mateIn1 oneMove opening,https://lichess.org/7PffXOTV/black#28,Caro-Kann_Defense Caro-Kann_Defense_Advance_Variation,"(1200, 1300]"
DMPSq,5rk1/5p2/p2p2pP/2qPp2Q/4P2P/2Bb1P1N/P7/2R1K1R1 b - - 0 31,g4h5 c5e3 e1d1 e3e2,1207,74,100,261,fork mate mateIn2 middlegame short,https://lichess.org/iAJ8H4KI#61,,"(1200, 1300]"
ELLmR,r1b3k1/ppq3p1/2n1p1Q1/3p2P1/3P4/P1P4r/3B1P1P/1R3RK1 w - - 1 21,f3h3 g6e8 g8h7 g5g6,1207,74,100,1032,kingsideAttack mate mateIn2 middlegame short,https://lichess.org/zDe3sfOz/black#40,,"(1200, 1300]"
EotNT,3q1rk1/8/4b1pP/3pP1Q1/2p5/2r5/P4RP1/7K w - - 0 34,f7g6 g5g6 g8h8 g6g7,1207,75,100,567,endgame fork mate mateIn2 short,https://lichess.org/YL4mPTrj/black#66,,"(1200, 1300]"
GKBtr,8/R2Rppk1/5b2/3B4/4PKP1/1r6/8/8 b - - 6 44,f3f4 e7e5 f4f5 b3f3,1207,77,100,86,endgame mate mateIn2 short,https://lichess.org/UHlnRne9#87,,"(1200, 1300]"
0252h,r2qkb1r/p5pp/2p1p3/3p4/3P3n/2P2Q1P/PP4P1/RNB2RK1 w kq - 4 17,f5h4 f3f7,1208,75,100,473,mate mateIn1 middlegame oneMove,https://lichess.org/neaSEHVk/black#32,Caro-Kann_Defense Caro-Kann_Defense_Other_variations,"(1200, 1300]"
0aEBW,r3k2r/pp3p1p/1qp2p2/4b3/3nP3/3Q4/PPPB1PPP/2KR1B1R b kq - 5 14,e1c1 d4e2 f1e2 b6b2,1208,75,100,598,mate mateIn2 middlegame queensideAttack sacrifice short,https://lichess.org/1UEoI5tk#27,Philidor_Defense Philidor_Defense_Other_variations,"(1200, 1300]"
2lHxZ,r2b3k/1p1b2qp/p3p3/3pp3/2pP3Q/2P1PR2/PPB3PP/6K1 w - - 0 24,f6e5 f3f8 g7f8 h4h7,1208,74,100,230,deflection kingsideAttack mate mateIn2 middlegame sacrifice short,https://lichess.org/hAdGeFNg/black#46,,"(1200, 1300]"
6FigG,5rk1/p4q2/2p4p/3pQ1p1/3P4/P2B2Pb/6NP/4R1K1 b - - 0 32,e3g2 f7f2 g1h1 f2g2,1208,74,100,2285,mate mateIn2 middlegame short,https://lichess.org/PxPcdR6d#63,,"(1200, 1300]"
6UiDx,8/p6k/1p2Q3/1Pp1PP2/P2pp3/6Pp/8/4qRK1 b - - 0 40,h2g3 e1g3 g1h1 g3g2,1208,75,100,1371,endgame mate mateIn2 short,https://lichess.org/BO9EmYHl#79,,"(1200, 1300]"
8iYwU,6r1/8/R7/3p1k1p/4p1N1/3n2K1/6PP/8 w - - 2 39,e6f5 a6f6 f5g5 h2h4,1208,74,100,278,endgame mate mateIn2 short,https://lichess.org/odAKAYuJ/black#76,,"(1200, 1300]"
8qDHJ,5k2/p1R4R/1p6/8/r6r/2K5/8/8 w - - 4 48,b4h4 c7c8,1208,75,100,497,endgame mate mateIn1 oneMove rookEndgame,https://lichess.org/jwNhCync/black#94,,"(1200, 1300]"
B5L6y,N6r/pp1kqpp1/4b3/3p3p/5Pn1/2Q1P3/PP2B1P1/R1B2R1K b - - 0 18,c7a8 e7h4 h1g1 h4h2,1208,75,100,195,kingsideAttack mate mateIn2 middlegame short,https://lichess.org/KZoMj837#35,Queens_Pawn_Game Queens_Pawn_Game_Other_variations,"(1200, 1300]"
DI1sb,1rr3k1/5pbp/3Q1np1/4p3/p3P1PP/PqN1B3/NP6/1K1R1B1R b - - 0 24,f3e4 b3b2,1208,75,100,484,mate mateIn1 middlegame oneMove queensideAttack,https://lichess.org/Z5OKuhUs#47,,"(1200, 1300]"
Hf6Vz,8/R4p2/p1r4p/1p3pkP/3B2P1/P2rP1K1/1P3P2/8 w - - 1 32,g6g5 f2f4,1208,75,100,331,endgame mate mateIn1 oneMove,https://lichess.org/wLUaiajJ/black#62,,"(1200, 1300]"
1WnoY,4r1k1/7p/pp3p2/1p4PP/3N2Q1/2Pn4/1q3P2/6K1 w - - 0 31,g7f6 g5f6 g8f7 g4g7,1209,75,100,338,discoveredAttack endgame mate mateIn2 short,https://lichess.org/PQpgdoGS/black#60,,"(1200, 1300]"
1ZTt5,1kb2R2/pp2n3/8/2Q1p3/P1PnP2q/3P1Bp1/1P4P1/R5K1 b - - 0 28,a3c5 h4h2 g1f1 h2h1,1209,75,100,1243,kingsideAttack mate mateIn2 middlegame short,https://lichess.org/QXPirnFS#55,,"(1200, 1300]"
3RVRX,1n4k1/Q5p1/2b4p/1p2P1q1/1bp5/2N5/1P4PP/3RRK2 b - - 0 22,g1f1 g5g2,1209,76,100,85,mate mateIn1 middlegame oneMove,https://lichess.org/rsLLvKIX#43,,"(1200, 1300]"
3hwXo,r5k1/pppq2pp/3b1Bb1/4p3/8/2PB3P/PPP2P2/R2Q2RK b - - 0 18,g5f6 d7h3,1209,75,100,208,kingsideAttack mate mateIn1 middlegame oneMove,https://lichess.org/ft4k6qvZ#35,Russian_Game Russian_Game_Nimzowitsch_Attack,"(1200, 1300]"
72nDS,6k1/p4p1p/6p1/3B1N2/3P2n1/r7/5PKb/2R5 w - - 0 37,g7g6 c1c8,1209,76,100,98,endgame mate mateIn1 oneMove,https://lichess.org/MQ7LvRc3/black#72,,"(1200, 1300]"
BQTGx,5r2/4pr1k/2np4/6R1/6P1/1P3P2/1P4K1/3R4 w - - 2 34,a8f8 d1h1,1209,75,100,697,endgame mate mateIn1 oneMove,https://lichess.org/1iBGPdXN/black#66,,"(1200, 1300]"
DDhNF,rnbb4/p1pk1prp/2p4n/8/2B5/2N5/P4PPP/R3R1K1 w - - 0 15,g8g7 a1d1,1209,75,100,660,mate mateIn1 middlegame oneMove,https://lichess.org/HOBUAfdw/black#28,Philidor_Defense Philidor_Defense_Bird_Gambit,"(1200, 1300]"
FtSNQ,rnbq1b1r/ppp1k1p1/7p/4pp1Q/2B1N3/8/PPPP1PPP/R1B1K2R w KQ - 2 9,e8e7 h5f7,1209,75,100,209,mate mateIn1 oneMove opening,https://lichess.org/dhbGUywv/black#16,Zukertort_Opening Zukertort_Opening_Tennison_Gambit,"(1200, 1300]"
GRQRI,r1bq1r2/ppp1b3/4pkB1/7Q/3n4/2N5/PPP3PP/R5K1 w - - 2 18,g5f6 c3e4 f6g7 h5h7,1209,77,100,320,mate mateIn2 middlegame short,https://lichess.org/gfqdQZ1I/black#34,Blackmar-Diemer_Gambit Blackmar-Diemer_Gambit_Blackmar_Gambit,"(1200, 1300]"
2wpz3,1r2r3/3q1p1k/p2p1bpp/2pPp3/PpP1Pn2/1P2NNPP/5P1K/QR3R2 b - - 0 30,g2g3 d7h3 h2g1 f4e2,1210,75,100,509,mate mateIn2 middlegame short,https://lichess.org/SXm4X5bE#59,,"(1200, 1300]"
FksLY,2k5/2P5/1P6/3K4/5p2/8/6p1/8 w - - 0 52,h3g2 d5c6 f4f3 b6b7,1210,75,100,459,advancedPawn endgame mate mateIn2 pawnEndgame short,https://lichess.org/8jA8PN9p/black#102,,"(1200, 1300]"
H1hXD,4r2k/1p1P2p1/p4p1p/4q3/7b/P1N2Q2/1P4B1/3R1K2 b - - 0 33,d6d7 e5e1 d1e1 e8e1,1210,74,100,407,mate mateIn2 middlegame sacrifice short,https://lichess.org/cvlG1U7n#65,,"(1200, 1300]"
HBjio,7k/5pq1/p4p1p/1ppP1Q2/2P2P2/1P1R3R/P3K1P1/5rb1 b - - 14 33,f3e2 g7g2,1210,90,100,28,endgame mate mateIn1 oneMove,https://lichess.org/iG3Th8Eh#65,,"(1200, 1300]"
14lEk,r1bqkb1r/pp3p1p/2n3p1/3n2N1/3p4/2P2Q2/PP3PPP/RNB1K2R w KQkq - 0 10,f6d5 f3f7,1211,74,100,186,attackingF2F7 mate mateIn1 oneMove opening,https://lichess.org/d09OQXLJ/black#18,Sicilian_Defense Sicilian_Defense_Open,"(1200, 1300]"
6tfPS,4r3/Qp1N1kp1/2p4p/p3p1qn/4Pn2/P1P2P2/1P3P2/3R2RK b - - 1 27,e1g1 g5h4,1211,79,100,71,mate mateIn1 middlegame oneMove,https://lichess.org/iZzQrdWm#53,,"(1200, 1300]"
7zHHV,r2qr1k1/1pp2p1n/p5pB/3R4/1P6/P1N5/2Q2PPK/4R3 b - - 0 22,g1h2 d8h4 h2g1 e8e1,1211,112,100,19,fork mate mateIn2 middlegame short,https://lichess.org/xuPumHG5#43,,"(1200, 1300]"
8mF9I,N2r2k1/1p3ppp/p4n2/4p3/1b6/1P2P3/b1P2PPP/2KR1B1R b - - 0 17,c7a8 b4a3,1211,75,100,2665,mate mateIn1 middlegame oneMove,https://lichess.org/NKCfliX3#33,Englund_Gambit_Complex Englund_Gambit_Complex_Englund_Gambit,"(1200, 1300]"
5aykJ,2b2r1k/p1p1R3/2p3Q1/8/8/3P4/P1q2PPP/4R1K1 b - - 1 30,e3e7 c2f2 g1h1 f2f1 e1f1 f8f1,1212,75,100,362,backRankMate endgame long mate mateIn3 sacrifice,https://lichess.org/swPQb6HI#59,,"(1200, 1300]"
6mHvT,r1b1k2r/4p3/n1p1N1pp/p3p1N1/Pp6/1Pb3B1/5PPP/3R1K1R w kq - 0 20,h7h6 d1d8,1212,75,100,80,mate mateIn1 middlegame oneMove,https://lichess.org/Dx1ccUwz/black#38,,"(1200, 1300]"
Bty3p,5k1r/5pp1/2n1Q2p/3pP3/2pP3P/2p2R2/2P2PP1/2qBK3 b - - 0 23,g4e6 c1d2 e1f1 d2d1,1212,75,100,184,deflection endgame mate mateIn2 short,https://lichess.org/G1vV61J6#45,,"(1200, 1300]"
FNT1e,1k4rQ/1pp5/1p6/3PP3/8/2N5/P4qPP/2R1R2K b - - 0 25,g7h8 f2g2,1212,75,100,737,endgame mate mateIn1 oneMove,https://lichess.org/njdEb5HE#49,,"(1200, 1300]"
G21Bq,1R1r3k/p2P2p1/7p/1Rp2r1q/2QbNp2/5P2/P5PP/7K b - - 4 34,b7b8 h5h2 h1h2 f5h5,1212,75,100,716,attraction kingsideAttack mate mateIn2 middlegame sacrifice short,https://lichess.org/vwStFA6S#67,,"(1200, 1300]"
GdjMH,8/5ppk/1p6/3Q3p/6r1/4P1q1/5RP1/5R1K b - - 3 37,a8d5 g4h4 h1g1 g3h2,1212,86,100,32,endgame mate mateIn2 short,https://lichess.org/OqHcA3Qo#73,,"(1200, 1300]"
0RBRD,4k3/QR1r2p1/8/1B2pp2/6P1/4B1Pr/P4K2/7q b - - 3 33,g2f2 h3h2,1213,75,100,1530,mate mateIn1 middlegame oneMove,https://lichess.org/vOVUPTwO#65,,"(1200, 1300]"
1nAct,5k2/r4ppp/2B1p3/4P3/P7/5K2/1r3P1P/3R4 w - - 2 32,g8f8 d1d8 f8e7 d8e8,1213,75,100,225,endgame mate mateIn2 short,https://lichess.org/J9B6iinu/black#62,,"(1200, 1300]"
38o2n,3Q4/5ppp/3n3k/P3p3/4P3/6RP/3q1PP1/1r3bK1 w - - 5 28,g6h6 d8h4,1213,87,100,28,endgame mate mateIn1 oneMove,https://lichess.org/KAFZGhri/black#54,,"(1200, 1300]"
3W5t7,4k3/R7/4K3/p7/Pn6/8/3b4/8 w - - 11 60,d5b4 a7a8,1213,75,100,700,endgame mate mateIn1 oneMove,https://lichess.org/ddKhy5vn/black#118,,"(1200, 1300]"
5v21T,r3kb1r/p2p3p/b3p1p1/3pPpNP/1P3P2/2Pq4/P2B2P1/R2QK2R b KQkq - 0 17,h4h5 d3g3,1213,74,100,582,mate mateIn1 middlegame oneMove,https://lichess.org/UzlO1Pa0#33,Sicilian_Defense Sicilian_Defense_Four_Knights_Variation,"(1200, 1300]"
8CjKq,k2r3r/pp3ppp/2pqb3/6Q1/B5n1/P1NP3P/1PP3P1/R4RK1 b - - 0 18,h2h3 d6h2,1213,86,100,57,mate mateIn1 middlegame oneMove,https://lichess.org/kuCMcgJ2#35,Kings_Gambit_Declined Kings_Gambit_Declined_Queens_Knight_Defense,"(1200, 1300]"
8hijB,r5k1/pP5p/1p2p1p1/1PP2pq1/Q1p5/B4P2/P2r2PP/3RR1K1 b - - 0 23,c6b7 g5g2,1213,77,100,95,kingsideAttack mate mateIn1 middlegame oneMove,https://lichess.org/ciHa7zRd#45,,"(1200, 1300]"
8yNEM,2r1k3/1b5R/3p2p1/p2Pp1P1/1p2Pp2/1P1q1P2/PK6/1N5R w - - 1 32,f7e8 h7h8 e8d7 h1h7,1213,75,100,97,endgame mate mateIn2 short,https://lichess.org/9lgudyrM/black#62,,"(1200, 1300]"
97LGb,1k3q2/pppRr1pp/2n5/8/8/5NQP/PPP3P1/7K w - - 2 22,e4e7 g3c7 b8a8 c7b7,1213,76,100,582,endgame mate mateIn2 queensideAttack short,https://lichess.org/qZEf7RY5/black#42,,"(1200, 1300]"
DOFSl,rnb5/p6R/2p1pk2/1p1p2N1/3P4/3B1N2/PPP3r1/2K5 w - - 2 24,g7f6 h7f7,1213,75,100,175,mate mateIn1 middlegame oneMove,https://lichess.org/qqM4kXv2/black#46,,"(1200, 1300]"
Exzzb,8/8/6pk/2Q5/P1P5/3P3p/3q4/6K1 b - - 0 42,b6c5 d2g2,1213,75,100,413,endgame mate mateIn1 oneMove queenEndgame,https://lichess.org/5Pe40tw0#83,,"(1200, 1300]"
1SVk8,rn1qkb1r/pp2ppp1/2p2n2/4N3/2B4p/8/PPPPbPPP/R1BQK2R w KQkq - 0 9,g4e2 c4f7,1301,75,100,1776,attackingF2F7 mate mateIn1 oneMove opening,https://lichess.org/BRkhT8k2/black#16,Caro-Kann_Defense Caro-Kann_Defense_Two_Knights_Attack,"(1300, 1400]"
23vAr,r6k/pbp4p/1p3p2/7P/2PP4/1N6/Pr5P/R1BQ1RK1 b - - 1 21,h1g1 a8g8 c1g5 g8g5 d1g4 g5g4,1301,75,100,159,kingsideAttack long mate mateIn3 middlegame,https://lichess.org/KqJ2PJj8#41,,"(1300, 1400]"
5D1GJ,6r1/5k2/1RBpNp1p/3P1K2/2P1P3/6pP/r5P1/8 b - - 0 38,b4b6 a2f2 e6f4 g8g5,1301,75,100,663,endgame mate mateIn2 short,https://lichess.org/LoteUkpO#75,,"(1300, 1400]"
6zRXu,3rr1k1/pp3p2/5PpQ/4P2p/1qpP1R1N/3b3R/P5PP/6K1 b - - 5 26,g5h6 b4e1 f4f1 e1f1,1301,74,100,1428,kingsideAttack mate mateIn2 middlegame short,https://lichess.org/48rMugfV#51,,"(1300, 1400]"
B4MfO,r4q1k/1b3Prp/p7/2n1Q3/3p4/2P4R/P1P3PP/R6K w - - 1 28,g8g7 h3h7 h8h7 e5h5,1301,76,100,66,attraction mate mateIn2 middlegame pin sacrifice short,https://lichess.org/UnJyFzkv/black#54,,"(1300, 1400]"
Ej06h,2r2r1k/1p2pP1p/p1b3p1/8/5n2/1BP1B2P/P1P2KP1/3R4 w - - 0 21,e2f4 e3d4 e7e5 d4e5,1301,74,100,781,kingsideAttack mate mateIn2 middlegame short,https://lichess.org/5FTZ1G5l/black#40,,"(1300, 1400]"
GYwBS,6rk/pb1p1p2/1p2p3/5p1p/2PP1q1P/P1PQ2P1/4B3/R4RK1 b - - 0 25,f2g3 g8g3 d3g3 f4g3,1301,75,100,660,fork mate mateIn2 middlegame short,https://lichess.org/gA58My5J#49,,"(1300, 1400]"
IDzOS,3r4/4kpQ1/7p/pp2P3/2pP2b1/q5P1/P3n1PK/1BR2R2 b - - 2 30,g1h2 a3g3 h2h1 g3h4,1301,74,100,508,mate mateIn2 middlegame short,https://lichess.org/pAbox8FP#59,,"(1300, 1400]"
1bsse,3rnrk1/1pq1bp1p/pNn3p1/2Pp1N2/1P2p1Q1/P3P3/1B3PPP/R3K2R w KQ - 0 18,g7g6 f5h6,1302,74,100,434,mate mateIn1 middlegame oneMove,https://lichess.org/hZFw5571/black#34,Indian_Defense Indian_Defense_Normal_Variation,"(1300, 1400]"
1h4IM,r3k1nr/pp2qppp/n1p5/3p1P2/3P4/2NK1NbP/PPP5/R1BQ1BR1 b kq - 6 13,h1g1 a6b4 d3d2 g3f4,1302,74,100,329,mate mateIn2 middlegame short,https://lichess.org/zKWiRzbi#25,French_Defense French_Defense_La_Bourdonnais_Variation,"(1300, 1400]"
5uKXM,8/2k5/2q5/Kp6/pQP5/2P5/8/8 b - - 1 84,a6a5 c6b6,1302,75,100,324,endgame mate mateIn1 oneMove queenEndgame,https://lichess.org/23lo6sGe#167,,"(1300, 1400]"
HcRxk,6k1/4R1P1/5K2/1p6/8/p3P3/8/6r1 w - - 0 50,a4a3 e7e8 g8h7 e8h8,1302,75,100,768,endgame mate mateIn2 rookEndgame short,https://lichess.org/M4wAxbll/black#98,,"(1300, 1400]"
3xnMI,3r2k1/1pQ2ppp/8/1q6/8/P3P3/3r1PPP/RR4K1 b - - 0 24,f4c7 b5b1 a1b1 d2d1 b1d1 d8d1,1303,74,100,305,backRankMate endgame long mate mateIn3 sacrifice,https://lichess.org/I9yCUt3t#47,,"(1300, 1400]"
AKU2y,6k1/2p1r2p/5K2/4r3/2PQ1PP1/5R2/PP6/8 b - - 6 48,g5f6 e7e6,1303,78,100,91,endgame mate mateIn1 oneMove queenRookEndgame,https://lichess.org/EqWEv69q#95,,"(1300, 1400]"
BnYPI,rb6/7k/p2qQ2p/3p4/3P4/2N3r1/PPP1RP2/R4K2 b - - 1 32,g1f1 g3g1 f1g1 d6h2 g1f1 h2h1,1303,76,100,316,attraction long mate mateIn3 middlegame sacrifice,https://lichess.org/VZtEc1nv#63,,"(1300, 1400]"
BtGF1,1r3r2/5k2/8/5pQ1/4b3/6P1/P1q3PP/3R1R1K w - - 1 30,g8f7 d1d7 f7e6 g5e7,1303,74,100,816,mate mateIn2 middlegame short,https://lichess.org/ZQo1JBxH/black#58,,"(1300, 1400]"
E4Dp5,2k5/pppb4/2n2R2/4N3/4PK1p/PP1B2r1/1BP4r/R7 b - - 8 29,e3f4 h2f2 e5f3 f2f3,1303,75,100,158,mate mateIn2 middlegame short,https://lichess.org/HY1jdmdB#57,,"(1300, 1400]"
HibUh,3R4/6kp/P4pp1/4p3/4P3/Qp3P1P/2r1q1P1/7K w - - 7 41,g8g7 a3f8,1303,75,100,1440,endgame mate mateIn1 oneMove,https://lichess.org/3mYFEm3B/black#80,,"(1300, 1400]"
I8iL1,2k5/p3bq1p/N1pB4/8/1pQ4n/3P4/PPP2P1P/R5RK b - - 0 27,f4d6 f7f3 g1g2 f3g2,1303,75,100,363,kingsideAttack mate mateIn2 middlegame short,https://lichess.org/IJJ28IB2#53,,"(1300, 1400]"
5Rv3L,1k3rr1/p7/2R5/4p3/4B3/2P2bp1/P1K5/R7 w - - 1 35,c8b8 a1b1 b8a8 c6c8,1304,77,100,1074,doubleCheck endgame mate mateIn2 short,https://lichess.org/LCeih5H7/black#68,,"(1300, 1400]"
6PcFJ,2k3rr/p4Q2/1p2R3/2bp4/1P3P1q/7P/P2B2P1/2R4K b - - 0 26,g6f7 h4h3 g2h3 h8h3,1304,76,100,736,mate mateIn2 middlegame sacrifice short,https://lichess.org/Xn0TsIUB#51,,"(1300, 1400]"
8MUve,r1bq1r2/ppp5/3p4/2bk4/6Q1/3P3P/PPP3P1/7K w - - 0 25,c6d5 g4e4,1304,74,100,296,endgame mate mateIn1 oneMove,https://lichess.org/ZxYmqBBb/black#48,,"(1300, 1400]"
HYqZ2,8/5pkp/6p1/4N3/1q6/4P3/2Q2PPP/r1R3K1 b - - 2 29,c5c2 b4e1 c1e1 a1e1,1304,74,100,263,backRankMate endgame mate mateIn2 sacrifice short xRayAttack,https://lichess.org/DTQvbrLE#57,,"(1300, 1400]"
HbAjx,2r1k3/6Q1/4p3/3pPpN1/p2P4/1n1qPN2/1P4PP/4b1K1 w - - 1 36,e7e8 g7f7 e8d8 g5e6,1304,74,100,197,mate mateIn2 middlegame short,https://lichess.org/qxJ0Bo4M/black#70,,"(1300, 1400]"
4RWiP,4q1kr/p1p3pp/1p1rP3/2n2Qb1/5R2/2P5/PP3PPP/4R1K1 w - - 0 27,f6g5 f5f7 e8f7 e6f7 g8f8 e1e8,1305,74,100,624,advancedPawn kingsideAttack long mate mateIn3 middlegame,https://lichess.org/I3FD88BH/black#52,,"(1300, 1400]"
89DhQ,rk1q1b1r/1b3Qp1/3PBp2/p1N1p3/8/6P1/PP3P2/3R1RK1 b - - 0 26,a4c5 h8h1,1305,84,100,56,mate mateIn1 middlegame oneMove,https://lichess.org/MepmXcg3#51,,"(1300, 1400]"
8VCE7,5rk1/1p1q1p2/4rQ1p/p4Np1/8/1P4P1/P1P4P/5R1K w - - 2 36,e4e6 f6g7,1305,76,100,916,endgame mate mateIn1 oneMove,https://lichess.org/WprTqvhm/black#70,,"(1300, 1400]"
AMrYr,2Q5/q1Rr2kp/p2Pppp1/8/8/3R3P/Pr3PP1/6K1 b - - 1 28,c1c7 a7f2 g1h2 f2g2,1305,75,100,281,endgame mate mateIn2 short,https://lichess.org/kGfQd0gf#55,,"(1300, 1400]"
CZp3W,r4rk1/pp1b2pp/4p3/3pP3/3Pnp2/2PB2QP/PP4PK/R1B3R1 b - - 0 20,f3g3 f4g3 h2h1 e4f2,1305,80,100,76,mate mateIn2 middlegame short,https://lichess.org/NbQvdrXR#39,,"(1300, 1400]"
EpA7u,6r1/P7/3ppk1p/1P3n1K/5N1P/5P2/8/R7 b - - 0 37,h3h4 f5g3 h5h6 g8h8,1305,75,100,229,endgame mate mateIn2 short,https://lichess.org/RmK5tBpL#73,,"(1300, 1400]"
GCdGf,3r2k1/2p1q1pp/4bp1P/2p5/1p6/1P2P1Q1/r1P2PP1/B2R2K1 w - - 0 25,a8d8 d1d8 e7d8 g3g7,1305,75,100,653,kingsideAttack mate mateIn2 middlegame pin short,https://lichess.org/ppL0ZNdP/black#48,,"(1300, 1400]"
HuOjJ,3r2k1/1Q2Rp2/1p5p/2ppBKp1/6P1/2P2P1P/8/4q3 b - - 1 39,f4f5 e1b1 f5f6 b1g6,1305,75,100,1991,endgame mate mateIn2 short,https://lichess.org/vITocMJu#77,,"(1300, 1400]"
CWsDw,r2q1r1k/1ppb2pn/p4b1p/4Np2/3P4/1QN5/PP3PPP/R1B1R1K1 w - - 3 18,g8h8 e5g6,1306,76,100,174,mate mateIn1 oneMove opening,https://lichess.org/rLfXlcPd/black#34,Ruy_Lopez Ruy_Lopez_Steinitz_Defense,"(1300, 1400]"
CoqmO,5k2/1pp3p1/5n2/6N1/p1PRR3/P4PP1/1q5r/5K2 w - - 0 34,g8f8 d4d8 f6e8 e4e8,1306,75,100,335,endgame mate mateIn2 short,https://lichess.org/DVH16nmZ/black#66,,"(1300, 1400]"
EIZ0k,r4nk1/p3Q1pp/2p1p3/3p2P1/3Pp2P/4n2N/1PPq4/1K3R2 w - - 2 26,c4e3 e7f7 g8h8 f7f8 a8f8 f1f8,1306,75,100,1089,backRankMate deflection long mate mateIn3 middlegame,https://lichess.org/lxZHBYda/black#50,,"(1300, 1400]"
EXDxC,r2q4/5r1k/1b1N2pp/p2pP3/1p1p2QN/1P2P3/1P4PP/6K1 w - - 0 29,f8f7 g4g6 h7h8 d6f7,1306,75,100,1740,fork intermezzo mate mateIn2 middlegame short,https://lichess.org/Vi8vt9iB/black#56,,"(1300, 1400]"
GNI3A,5rk1/5ppp/2r2q2/8/7P/Q5P1/P1p2P2/1R2R1K1 w - - 0 26,c3c2 a3f8 g8f8 b1b8 c6c8 b8c8 f6d8 c8d8,1306,75,100,377,attraction endgame mate mateIn4 sacrifice veryLong,https://lichess.org/cJtsg1ij/black#50,,"(1300, 1400]"
5oNgK,2r1kr2/1p5Q/p3b3/3p4/P4qP1/1nP2N2/1P3P1P/4R1K1 w - - 0 31,d7e6 e1e6 e8d8 h7e7,1307,155,100,20,mate mateIn2 middlegame short,https://lichess.org/U9Gcy945/black#60,,"(1300, 1400]"
C8VhE,rn1q1bk1/1p2p1pr/p4nNp/2pp4/8/8/PPPPQPPP/RNB1K2R w KQ - 4 12,h8h7 e2e6,1307,75,100,296,mate mateIn1 oneMove opening,https://lichess.org/5fTDB39R/black#22,Sicilian_Defense Sicilian_Defense_Bowdler_Attack,"(1300, 1400]"
CDInV,4r3/2p4p/6kB/2pbP1P1/5P1q/7Q/6P1/6RK b - - 3 40,d7h3 h4h3,1307,74,100,973,endgame mate mateIn1 oneMove pin,https://lichess.org/EFEFe0ac#79,,"(1300, 1400]"
EtYsh,3k4/3P4/2P5/3K4/8/5n2/P5p1/8 w - - 0 57,g3g2 d5d6 g2g1q c6c7,1307,75,100,345,advancedPawn endgame knightEndgame mate mateIn2 short,https://lichess.org/9SsckW3Y/black#112,,"(1300, 1400]"
HID2J,r1k2b1r/ppp1nppp/3p1q2/1Q6/4PP2/8/PPP3PP/RNB1K2R w KQ - 1 12,g8e7 b5e8,1307,74,100,846,mate mateIn1 middlegame oneMove,https://lichess.org/wqe9tPZE/black#22,Scotch_Game Scotch_Game_Other_variations,"(1300, 1400]"
HUdrq,4r1k1/ppp4p/5Q2/8/3PB3/1P2b1P1/P1q4P/1R1R3K b - - 2 30,g1h1 c2e4 f6f3 e4f3,1307,160,100,20,hangingPiece mate mateIn2 middlegame short,https://lichess.org/JWzMoZma#59,,"(1300, 1400]"
47PB2,1R3rk1/5ppp/pQ2p3/4n3/8/1P1b1P2/q5P1/5RK1 w - - 2 27,g6d3 b8f8 g8f8 b6d8,1308,76,100,65,attraction mate mateIn2 middlegame short,https://lichess.org/Ly5SJE2R/black#52,,"(1300, 1400]"
9vrIC,2r3r1/7k/p1p2q2/1p2p2p/4b3/P3B3/1P2QP2/K5R1 w - - 0 37,g6e4 e2h5 f6h6 h5h6,1308,76,100,126,mate mateIn2 middlegame short,https://lichess.org/6v1p8rCG/black#72,,"(1300, 1400]"
BUJ0R,r5k1/pp3pp1/3b3p/2npq3/3Nn1Q1/2P1N2P/PPB2P2/R1B3K1 b - - 2 18,d1g4 e5h2 g1f1 h2f2,1308,76,100,128,kingsideAttack mate mateIn2 middlegame short,https://lichess.org/NQqdI0Lf#35,French_Defense French_Defense_Knight_Variation,"(1300, 1400]"
CEMlA,5r2/1p3p1k/p3pBpp/1b1pP3/6R1/2r1Q2P/Pq4PK/8 w - - 6 32,c1c3 e3h6 h7h6 g4h4,1308,76,100,291,attraction mate mateIn2 middlegame sacrifice short,https://lichess.org/8Z4iikK6/black#62,,"(1300, 1400]"
HZcB7,2k5/5p2/2pn4/2Np4/1p1K2P1/3R4/PP4R1/4r3 b - - 0 34,g3g4 d6b5,1308,84,100,58,endgame mate mateIn1 oneMove,https://lichess.org/zabd5VwD#67,,"(1300, 1400]"
0FOiE,r4rk1/pp2n2p/2b5/3p3P/2pB2Nn/P1P5/1PB2P2/R4RK1 w - - 2 24,g2h4 g4h6,1309,75,100,1637,mate mateIn1 middlegame oneMove,https://lichess.org/rBv8oPhs/black#46,,"(1300, 1400]"
0KI6O,2rkr3/pR3ppp/2Q2n2/8/2b5/3Pq3/P5PP/5R1K w - - 2 24,a8c8 c6d6 f6d7 d6d7,1309,75,100,254,mate mateIn2 middlegame short,https://lichess.org/YFwI2Pf8/black#46,,"(1300, 1400]"
2NdmV,r1bkqb1r/3p4/p1p1ppNp/7Q/8/8/PPP2PPP/RN3RK1 w - - 2 15,e7d8 h5a5,1309,76,100,2285,mate mateIn1 middlegame oneMove,https://lichess.org/2z9lSlwb/black#28,Sicilian_Defense Sicilian_Defense_Nyezhmetdinov-Rossolimo_Attack,"(1300, 1400]"
HOV9B,2rq1bnr/p4ppp/2Bpk3/3Np3/4PP2/4B3/PPP2P1P/R2bK1R1 w Q - 0 14,h5d1 f4f5,1309,76,100,121,mate mateIn1 middlegame oneMove,https://lichess.org/egoJ7neY/black#26,Philidor_Defense Philidor_Defense_Other_variations,"(1300, 1400]"
HlCcj,4r1k1/pp3p2/3p2p1/q1pP4/7P/1P1P4/1PP3Q1/2K1R2R b - - 0 27,g1e1 e8e1 h1e1 a5e1,1309,76,100,169,endgame mate mateIn2 queensideAttack short,https://lichess.org/OdaJtKkp#53,,"(1300, 1400]"
1FzVT,Q7/1p2r1k1/p3p1p1/8/4pqP1/1Pr5/P4PK1/7R w - - 2 33,h7g7 a8h8 g7f7 h1h7,1310,80,100,83,endgame mate mateIn2 short,https://lichess.org/oTfn0nbM/black#64,,"(1300, 1400]"
2BUTW,2rkb3/pp3pQ1/4p2p/1q1p4/7P/B7/P4PP1/2R3K1 w - - 3 25,a8c8 g7f6 d8d7 f6e7,1310,75,100,850,endgame mate mateIn2 short,https://lichess.org/VHjBL1hd/black#48,,"(1300, 1400]"
2mAVF,r4rk1/p1bq1pp1/3p4/1p1Pp1Nb/2n1N2P/2P5/P1Q2P2/R1B2RK1 w - - 2 24,d8d7 e4f6 g7f6 c2h7,1310,84,100,81,clearance kingsideAttack mate mateIn2 middlegame sacrifice short,https://lichess.org/LORGstS0/black#46,,"(1300, 1400]"
43kWO,r1bq1rk1/1p2bppp/p3p3/2P5/4QB2/1n1B4/PP3PPP/4RRK1 w - - 0 17,d4b3 e4h7,1310,96,100,78,kingsideAttack mate mateIn1 middlegame oneMove,https://lichess.org/CsSQirA1/black#32,Sicilian_Defense Sicilian_Defense_Taimanov_Variation,"(1300, 1400]"
6JhpI,7k/p1p1R1rp/2pp4/8/4p1P1/2B1P3/PPK5/5q2 w - - 2 29,g8g7 e7e8 f1f8 e8f8,1310,80,100,84,endgame mate mateIn2 pin short,https://lichess.org/zuw6fAPl/black#56,,"(1300, 1400]"
CByB7,rn1q1rk1/pbp1bpp1/1p2p2p/4P1N1/3PN3/3Q4/PPP3PP/R1B2RK1 w - - 0 13,h7h6 e4f6 g7f6 d3h7,1310,76,100,153,clearance kingsideAttack mate mateIn2 opening sacrifice short,https://lichess.org/RBwL3owE/black#24,Blackmar-Diemer_Gambit_Declined Blackmar-Diemer_Gambit_Declined_Weinsbach_Defense,"(1300, 1400]"
F8Tir,2Q5/p3kr2/1p2bp2/4n3/r7/2P5/P1P3PP/2KR4 w - - 11 36,d5e6 c8d8,1310,76,100,252,endgame mate mateIn1 oneMove,https://lichess.org/GMEI2EAS/black#70,,"(1300, 1400]"
2a8Yj,r1b1P1rk/p1p5/7p/1p3pqQ/4p3/2P4P/PP4P1/3R1RK1 b - - 0 24,e7e8q g5g2,1311,75,100,841,kingsideAttack mate mateIn1 middlegame oneMove,https://lichess.org/tDaDHnSX#47,,"(1300, 1400]"
3di1I,4r1k1/p5pp/6q1/2Pp4/3P1n2/7P/PR3PP1/3Q1RK1 b - - 2 26,c2b2 g6g2,1311,75,100,303,endgame mate mateIn1 oneMove,https://lichess.org/JzmUCel0#51,,"(1300, 1400]"
3p4t7,3n1r2/5k2/3p1p2/3PbN2/5p2/5P2/5K1B/6R1 w - - 4 39,g8f7 g1g7 f7e8 g7e7,1311,75,100,350,endgame mate mateIn2 short,https://lichess.org/JPEGq3rO/black#76,,"(1300, 1400]"
59SWW,8/Qpp1kp1p/6p1/8/3B4/1N6/PP2qPPP/4b1K1 b - - 0 25,a8a7 e1f2 d4f2 e2d1 f2e1 d1e1,1311,75,100,1149,endgame long mate mateIn3 sacrifice,https://lichess.org/5HxdMWwV#49,,"(1300, 1400]"
5jqxe,r4rk1/ppp1Bppp/3p4/4p3/2Pn2n1/P1NP1NPq/1P2PP1P/R2QR1K1 b - - 2 13,f1e1 d4f3 e2f3 h3h2 g1f1 h2f2,1311,93,100,54,kingsideAttack long mate mateIn3 middlegame,https://lichess.org/2YDKDnPE#25,English_Opening English_Opening_Kings_English_Variation,"(1300, 1400]"
C816m,6k1/pR3p1p/6pB/8/1P6/8/P3qbPP/2Q2n1K b - - 1 27,f8h6 f1g3 h2g3 e2h5,1311,75,100,294,endgame mate mateIn2 sacrifice short,https://lichess.org/pn9Dzqwh#53,,"(1300, 1400]"
CjoVM,8/7p/pP5b/P2PQ1pk/4Pp1q/3P3P/6P1/6K1 w - - 0 44,g6g5 e5e8,1311,75,100,238,endgame mate mateIn1 oneMove,https://lichess.org/7HxmQS0E/black#86,,"(1300, 1400]"
EzN8g,4r2k/p5p1/5B1p/2P5/q3pP2/2P4Q/P5PP/3rR1K1 w - - 0 31,d5d1 h3h6 h8g8 h6g7,1311,109,100,74,endgame mate mateIn2 pin short,https://lichess.org/Qf0yoZgw/black#60,,"(1300, 1400]"
F89h2,5r2/1pq2pk1/3p2p1/1P5p/6N1/2P1Q2P/6P1/1N5K w - - 0 29,h6h5 e3h6 g7g8 g4f6,1311,76,100,951,endgame mate mateIn2 short,https://lichess.org/EZkj5CKu/black#56,,"(1300, 1400]"
H5tvZ,rn2kb1r/pQ2pp1p/2bp2p1/1q6/8/5N2/PP1B1PPP/RN2K2R w KQkq - 0 14,a5b5 b7c8,1311,75,100,330,mate mateIn1 oneMove opening,https://lichess.org/vwycAFSU/black#26,Queens_Pawn_Game Queens_Pawn_Game_Chigorin_Variation,"(1300, 1400]"
246Q3,Qn2k1nr/p1p2ppp/1p2p3/4P3/3q4/P7/2P2PPP/R1B2KNR b k - 0 11,f3a8 d4d1,1312,75,100,162,mate mateIn1 middlegame oneMove,https://lichess.org/7QtZzdIv#21,French_Defense French_Defense_Winawer_Variation,"(1300, 1400]"
2CmTz,8/8/5pk1/5q1p/5Q1K/P5PP/8/8 b - - 2 41,d4f4 f5g5 f4g5 f6g5,1312,78,100,63,endgame mate mateIn2 queenEndgame short,https://lichess.org/c1WR83NG#81,,"(1300, 1400]"
DEHEp,4r1k1/3R2pp/p6q/2Qp4/8/P4P1P/1PP3P1/5K2 b - - 0 32,c3c5 h6c1 f1f2 c1e1,1312,75,100,379,endgame mate mateIn2 short,https://lichess.org/h7LDTEeP#63,,"(1300, 1400]"
Ec1vH,r7/ppp1kpp1/2p3r1/2P2P2/4P3/7K/PPP2R2/RN1Q4 b - - 0 20,f4f5 a8h8 d1h5 h8h5,1312,75,100,209,endgame mate mateIn2 short,https://lichess.org/YhRCbcEr#39,,"(1300, 1400]"
HCkLg,1k1r2n1/1p3p2/p2Pq3/3N2p1/P3P3/2P1BP2/4KQ1r/RN5q w - - 2 27,h8h2 e3a7 b8c8 d5b6,1312,75,100,310,mate mateIn2 middlegame queensideAttack short,https://lichess.org/UkyHIB7m/black#52,,"(1300, 1400]"
2XNS4,2rq2k1/1Qp3p1/1p1p4/p4R1p/P1P1P3/1P4bP/6P1/6K1 w - - 3 28,f8d8 b7d5 g8h7 f5h5 h7g6 d5f5,1313,74,100,2634,endgame long mate mateIn3,https://lichess.org/1I00wF2a/black#54,,"(1300, 1400]"
4CK8J,r4rk1/ppp3p1/2np1qb1/b2Np1Np/4P2P/P2P4/1PPB1P2/R2QK2R b KQ - 3 18,c3d5 f6f2,1313,81,100,117,attackingF2F7 mate mateIn1 middlegame oneMove,https://lichess.org/3TihIQNp#35,Italian_Game Italian_Game_Giuoco_Pianissimo,"(1300, 1400]"
4hvCC,6k1/5p2/2P1p1p1/7p/4Q2P/pPB3q1/Pb1KR1P1/8 b - - 0 37,b4c3 g3c3 d2d1 c3c1,1313,75,100,230,endgame mate mateIn2 short,https://lichess.org/r0tkF82I#73,,"(1300, 1400]"
DZFCg,2rR4/2r5/6p1/4Bp2/4kP1p/1p6/1P3PK1/8 w - - 0 41,h7c7 d8d4,1313,77,100,93,endgame mate mateIn1 oneMove,https://lichess.org/HOCtyUcY/black#80,,"(1300, 1400]"
Dv0hB,2k5/pp6/4p2r/3P1Pp1/4BbP1/1P3Q2/q7/3R2KR b - - 0 31,h3g4 h6h1 f3h1 f4e3 g1f1 a2f2,1313,75,100,392,exposedKing long mate mateIn3 middlegame,https://lichess.org/IXWvebko#61,,"(1300, 1400]"
6Cwlg,5rk1/p4npp/bqp1R3/8/8/5Q2/PPp3PP/5R1K w - - 2 30,b7a6 f3f7 f8f7 e6e8 f7f8 f1f8,1314,75,100,588,long mate mateIn3 middlegame sacrifice,https://lichess.org/YGT8CRyf/black#58,,"(1300, 1400]"
7ul7T,k7/pp5p/3b2bK/8/6r1/2R1PN2/PP3PPP/3R4 b - - 0 24,h5h6 d6f8,1314,79,100,108,endgame mate mateIn1 oneMove,https://lichess.org/Hv7HxBF8#47,,"(1300, 1400]"
9PFVk,5rrk/pp5n/2p1p1P1/3n4/3P1P2/8/PPP1N3/2K3RR w - - 1 25,a8f8 h1h7,1314,75,100,769,mate mateIn1 middlegame oneMove,https://lichess.org/fOkRfmIU/black#48,,"(1300, 1400]"
9QFBz,4Qbk1/4R2p/1BP3p1/5p2/2qp4/5P1P/2r3P1/7K b - - 0 33,c5c6 c4f1 h1h2 f1g2,1314,77,100,141,endgame mate mateIn2 short,https://lichess.org/78R13QQQ#65,,"(1300, 1400]"
EvqnH,4rr1k/p6p/8/2p5/2n1P2R/1P4Q1/2q2PK1/5R2 w - - 0 32,e5c4 h4h7 h8h7 f1h1,1314,74,100,1116,attraction mate mateIn2 middlegame sacrifice short,https://lichess.org/L6wylUTm/black#62,,"(1300, 1400]"
FHzJl,1Nr5/R4pk1/6p1/7p/3n3P/8/1p3PP1/1R3K2 b - - 0 34,d7b8 c8c1 b1c1 b2c1q,1314,75,100,1397,advancedPawn endgame mate mateIn2 promotion short,https://lichess.org/9GskIkvF#67,,"(1300, 1400]"
HCQYt,6k1/4r3/2p3Kp/1pN5/3P1QP1/7q/7P/8 w - - 0 40,e2e7 f4b8 e7e8 b8e8,1314,76,100,2118,endgame mate mateIn2 short,https://lichess.org/lAjLZIwv/black#78,,"(1300, 1400]"
IYE2b,r3k2r/pp1qb1p1/1np1N1p1/3P4/2P5/P2BB1P1/1P3K1P/R7 w kq - 0 22,h7g6 d3g6,1314,75,100,255,mate mateIn1 middlegame oneMove,https://lichess.org/Ihm0XP5D/black#42,,"(1300, 1400]"
7TO2O,4r1k1/1p3qpp/p2p4/8/P1BP4/1PP4n/6P1/4R2K w - - 0 25,d7f7 e1e8,1315,76,100,415,endgame mate mateIn1 oneMove pin,https://lichess.org/3XrgZ2xo/black#48,,"(1300, 1400]"
8EvxD,2k2b1r/ppp2ppp/8/2r1p2q/Q2nP3/5b2/PP1B1PPP/R3KB1R w KQ - 0 14,g4f3 a4e8,1315,74,100,1503,mate mateIn1 middlegame oneMove,https://lichess.org/mjDXOaXQ/black#26,Queens_Gambit_Declined Queens_Gambit_Declined_Chigorin_Defense,"(1300, 1400]"
GTuwk,r1b1kr2/p2nppQp/2pp1np1/q5N1/3PP3/1Bp5/PPP2PPP/2KR3R w q - 0 14,b4c3 b3f7 f8f7 g7f7 e8d8 g5e6,1315,75,100,253,attackingF2F7 long mate mateIn3 middlegame,https://lichess.org/fyqxDnik/black#26,Czech_Defense Czech_Defense_Other_variations,"(1300, 1400]"
3mp9w,6k1/4Q1pp/4P3/3p1p2/p2Nn3/P1P4P/1r3rP1/R1R4K b - - 0 35,h4e7 e4g3 h1g1 f2g2,1316,75,100,699,mate mateIn2 middlegame short,https://lichess.org/94R6fxkZ#69,,"(1300, 1400]"
7bFHX,8/7k/p7/2B2N1p/5q2/Q6K/7P/8 b - - 1 47,h4h3 f4g4,1316,75,100,943,endgame mate mateIn1 oneMove,https://lichess.org/wNtwyGy9#93,,"(1300, 1400]"
86Un3,5r2/1pRb1r1k/p2P2pp/3P4/4P3/P5P1/2Q1q1BP/2R4K b - - 2 33,c5c2 f7f1 g2f1 f8f1 c1f1 e2f1,1316,103,100,20,kingsideAttack long mate mateIn3 middlegame sacrifice,https://lichess.org/StkqpWiM#65,,"(1300, 1400]"
8uDcP,3Q4/p1p2p2/1pk2B2/7P/2P5/1P1b4/P3rq2/3K4 w - - 5 31,d7c6 d8d5,1316,75,100,903,endgame mate mateIn1 oneMove,https://lichess.org/pOWtHav9/black#60,,"(1300, 1400]"
8zfK3,r4rk1/1bq1bp1p/p1n1p1p1/3p4/3Bn1N1/2PB1N2/PPQ2PPP/R4RK1 w - - 8 19,b8c6 g4h6,1316,75,100,2097,mate mateIn1 middlegame oneMove,https://lichess.org/0n5Vf8u5/black#36,Sicilian_Defense Sicilian_Defense_Modern_Variations,"(1300, 1400]"
AI61S,6k1/pp4b1/3p2Q1/3P2B1/6n1/2N4n/PP4P1/6NK b - - 0 29,f3g1 h3f2,1316,74,100,537,mate mateIn1 middlegame oneMove,https://lichess.org/Da4KlKXR#57,,"(1300, 1400]"
AblSK,r5k1/pp1q3p/3p2pB/2p2b2/2P5/2Qp2PP/PP4BK/8 w - - 0 23,e6f5 g2d5 f5e6 d5e6 d7e6 c3g7,1316,75,100,1452,endgame kingsideAttack long mate mateIn3,https://lichess.org/5Th8NyA7/black#44,,"(1300, 1400]"
I2zLL,1r4k1/3p2P1/2pPp1p1/8/2b5/q1N5/P1pQ1PP1/K3R2R b - - 1 25,b1a1 a3b2,1316,75,100,130,mate mateIn1 middlegame oneMove,https://lichess.org/5XrMnFic#49,,"(1300, 1400]"
7dltW,5k2/pR6/4KP2/8/8/1p6/8/5r2 w - - 0 66,b4b3 b7b8,1317,75,100,941,endgame mate mateIn1 oneMove rookEndgame,https://lichess.org/IYCm0jn8/black#130,,"(1300, 1400]"
